test_id,PM2.5,PM10,O3
dongsi_aq#0,34.35150846,71.63475783,34.35150846
dongsi_aq#1,72.95116237,114.4970626,72.95116237
dongsi_aq#2,79.45967643,117.9305954,79.45967643
dongsi_aq#3,80.01944247,130.7334229,80.01944247
dongsi_aq#4,64.99131813,116.1151161,64.99131813
dongsi_aq#5,79.39993249,112.4815599,79.39993249
dongsi_aq#6,55.80712201,109.5516861,55.80712201
dongsi_aq#7,61.98333644,76.99912491,61.98333644
dongsi_aq#8,53.0965233,47.62851096,53.0965233
dongsi_aq#9,101.5015486,118.1596832,101.5015486
dongsi_aq#10,104.8101626,129.5065831,104.8101626
dongsi_aq#11,58.79335058,44.24254313,58.79335058
dongsi_aq#12,73.21039322,54.50504854,73.21039322
dongsi_aq#13,75.23164188,48.58108305,75.23164188
dongsi_aq#14,77.3882567,50.86169858,77.3882567
dongsi_aq#15,81.20560792,56.6913479,81.20560792
dongsi_aq#16,66.79973925,66.65234564,66.79973925
dongsi_aq#17,54.11279276,71.44466423,54.11279276
dongsi_aq#18,55.76498057,61.2386249,55.76498057
dongsi_aq#19,55.15314185,61.68883055,55.15314185
dongsi_aq#20,60.09345735,64.07780654,60.09345735
dongsi_aq#21,48.47541804,66.7094037,48.47541804
dongsi_aq#22,50.06824783,93.09369415,50.06824783
dongsi_aq#23,40.86644991,79.06116028,40.86644991
dongsi_aq#24,48.42279028,81.64871691,48.42279028
dongsi_aq#25,46.97866727,80.44509884,46.97866727
dongsi_aq#26,54.34400545,84.94762419,54.34400545
dongsi_aq#27,58.35917041,89.86538995,58.35917041
dongsi_aq#28,60.22703668,98.5169011,60.22703668
dongsi_aq#29,59.71449449,96.34765787,59.71449449
dongsi_aq#30,62.22958453,100.1406646,62.22958453
dongsi_aq#31,39.29077585,52.28311721,39.29077585
dongsi_aq#32,27.82042699,26.95418627,27.82042699
dongsi_aq#33,28.09813107,39.46948117,28.09813107
dongsi_aq#34,36.43757324,42.11334029,36.43757324
dongsi_aq#35,35.48523212,33.60608756,35.48523212
dongsi_aq#36,29.56253531,29.30663392,29.56253531
dongsi_aq#37,33.27496305,35.222033,33.27496305
dongsi_aq#38,48.74573704,30.75074976,48.74573704
dongsi_aq#39,60.75507909,40.86334292,60.75507909
dongsi_aq#40,49.64191767,15.43488824,49.64191767
dongsi_aq#41,52.72218948,13.60525398,52.72218948
dongsi_aq#42,52.53952611,26.73856748,52.53952611
dongsi_aq#43,49.01779824,32.75809452,49.01779824
dongsi_aq#44,51.18459314,41.31566565,51.18459314
dongsi_aq#45,44.07277436,40.88473451,44.07277436
dongsi_aq#46,32.62280384,42.12388505,32.62280384
dongsi_aq#47,34.37945455,38.04260337,34.37945455
tiantan_aq#0,28.28008404,43.23559363,28.28008404
tiantan_aq#1,40.1254081,89.16414369,40.1254081
tiantan_aq#2,89.1000389,129.7519598,89.1000389
tiantan_aq#3,52.22608771,112.637727,52.22608771
tiantan_aq#4,89.09749417,130.9485432,89.09749417
tiantan_aq#5,58.23621953,99.2076192,58.23621953
tiantan_aq#6,52.16056485,86.17145991,52.16056485
tiantan_aq#7,88.76300193,102.0043475,88.76300193
tiantan_aq#8,92.63247694,104.287575,92.63247694
tiantan_aq#9,97.0732623,107.4449991,97.0732623
tiantan_aq#10,80.38629944,117.3301701,80.38629944
tiantan_aq#11,69.20596244,69.63926546,69.20596244
tiantan_aq#12,111.9931376,145.0721121,111.9931376
tiantan_aq#13,74.20899982,63.26920775,74.20899982
tiantan_aq#14,75.62726121,61.62313017,75.62726121
tiantan_aq#15,84.96524237,61.68091884,84.96524237
tiantan_aq#16,68.97796948,61.26369292,68.97796948
tiantan_aq#17,60.18711797,69.54148239,60.18711797
tiantan_aq#18,52.60972047,54.87665949,52.60972047
tiantan_aq#19,50.94935295,58.85957498,50.94935295
tiantan_aq#20,47.83127566,58.70523238,47.83127566
tiantan_aq#21,43.96307126,50.98143228,43.96307126
tiantan_aq#22,34.20826079,58.32672989,34.20826079
tiantan_aq#23,74.22202245,89.34668829,74.22202245
tiantan_aq#24,77.19226097,100.8364412,77.19226097
tiantan_aq#25,33.17768763,68.61371259,33.17768763
tiantan_aq#26,38.76592965,67.42264778,38.76592965
tiantan_aq#27,48.47272518,83.07811572,48.47272518
tiantan_aq#28,50.54832218,89.20220161,50.54832218
tiantan_aq#29,50.46332891,93.82622285,50.46332891
tiantan_aq#30,45.55751873,96.50270164,45.55751873
tiantan_aq#31,25.24418319,25.47927581,25.24418319
tiantan_aq#32,26.10534697,28.28523386,26.10534697
tiantan_aq#33,26.0441195,41.77580793,26.0441195
tiantan_aq#34,37.81121232,45.5741191,37.81121232
tiantan_aq#35,38.57959575,44.35877496,38.57959575
tiantan_aq#36,33.04895858,40.69432286,33.04895858
tiantan_aq#37,30.41043905,36.85298289,30.41043905
tiantan_aq#38,48.10834311,60.13253918,48.10834311
tiantan_aq#39,54.3777168,61.53447169,54.3777168
tiantan_aq#40,35.40595703,47.78403485,35.40595703
tiantan_aq#41,57.51241872,47.14063472,57.51241872
tiantan_aq#42,59.6700393,50.70126843,59.6700393
tiantan_aq#43,48.63009274,43.5830745,48.63009274
tiantan_aq#44,40.41083441,38.17117199,40.41083441
tiantan_aq#45,37.12484822,30.17768794,37.12484822
tiantan_aq#46,37.15740715,37.05135818,37.15740715
tiantan_aq#47,36.66567578,39.81399445,36.66567578
guanyuan_aq#0,24.79688168,74.24603526,24.79688168
guanyuan_aq#1,47.68303417,113.2171055,47.68303417
guanyuan_aq#2,52.31258903,117.8197817,52.31258903
guanyuan_aq#3,54.39663419,126.2166798,54.39663419
guanyuan_aq#4,49.04379322,120.7015887,49.04379322
guanyuan_aq#5,55.83913075,117.3126707,55.83913075
guanyuan_aq#6,54.391266,100.4569539,54.391266
guanyuan_aq#7,93.6133801,117.5431425,93.6133801
guanyuan_aq#8,57.26368162,32.22449508,57.26368162
guanyuan_aq#9,61.45523344,50.26023851,61.45523344
guanyuan_aq#10,70.49048184,55.54866147,70.49048184
guanyuan_aq#11,66.05908215,52.32197418,66.05908215
guanyuan_aq#12,77.68037339,74.06839293,77.68037339
guanyuan_aq#13,80.22182423,77.84507379,80.22182423
guanyuan_aq#14,84.23727389,78.10011981,84.23727389
guanyuan_aq#15,81.36381953,68.44660498,81.36381953
guanyuan_aq#16,79.11484688,65.20224311,79.11484688
guanyuan_aq#17,54.65885047,64.53385674,54.65885047
guanyuan_aq#18,54.69392258,49.76182633,54.69392258
guanyuan_aq#19,50.92730673,56.89787853,50.92730673
guanyuan_aq#20,59.13740113,59.29487794,59.13740113
guanyuan_aq#21,53.28789017,49.12864431,53.28789017
guanyuan_aq#22,46.46654385,90.83861587,46.46654385
guanyuan_aq#23,40.43216851,76.86185088,40.43216851
guanyuan_aq#24,36.13651714,80.39496918,36.13651714
guanyuan_aq#25,39.54002769,80.66753648,39.54002769
guanyuan_aq#26,50.88922795,90.29142489,50.88922795
guanyuan_aq#27,53.67901645,97.69037298,53.67901645
guanyuan_aq#28,44.19525787,90.74736631,44.19525787
guanyuan_aq#29,59.93269741,103.2141943,59.93269741
guanyuan_aq#30,54.47720213,102.8570884,54.47720213
guanyuan_aq#31,37.8666525,57.40500764,37.8666525
guanyuan_aq#32,39.06193348,36.42489499,39.06193348
guanyuan_aq#33,31.53487765,43.12380029,31.53487765
guanyuan_aq#34,45.20010604,48.42283606,45.20010604
guanyuan_aq#35,47.01300806,46.5650484,47.01300806
guanyuan_aq#36,49.9954975,50.52979653,49.9954975
guanyuan_aq#37,48.88728074,54.10308521,48.88728074
guanyuan_aq#38,58.71356471,65.24249344,58.71356471
guanyuan_aq#39,58.73100919,62.47891629,58.73100919
guanyuan_aq#40,63.82336521,49.49075218,63.82336521
guanyuan_aq#41,63.46936864,50.59923455,63.46936864
guanyuan_aq#42,50.77724781,46.10225284,50.77724781
guanyuan_aq#43,51.59684949,39.49418676,51.59684949
guanyuan_aq#44,42.79990178,34.75897502,42.79990178
guanyuan_aq#45,30.2552473,27.17394575,30.2552473
guanyuan_aq#46,36.40095203,47.98801384,36.40095203
guanyuan_aq#47,36.60072748,49.79851386,36.60072748
wanshouxigong_aq#0,35.11543754,44.67320212,35.11543754
wanshouxigong_aq#1,70.77291945,96.85366998,70.77291945
wanshouxigong_aq#2,70.8239676,102.7765977,70.8239676
wanshouxigong_aq#3,74.48882639,116.5647477,74.48882639
wanshouxigong_aq#4,63.91793349,115.2264653,63.91793349
wanshouxigong_aq#5,74.10018242,108.039808,74.10018242
wanshouxigong_aq#6,63.10271277,82.22299265,63.10271277
wanshouxigong_aq#7,54.43336946,55.27036593,54.43336946
wanshouxigong_aq#8,53.75100297,38.20728016,53.75100297
wanshouxigong_aq#9,60.13752395,40.50493012,60.13752395
wanshouxigong_aq#10,63.69339779,54.91502797,63.69339779
wanshouxigong_aq#11,65.37984879,49.50235808,65.37984879
wanshouxigong_aq#12,73.81087915,68.61433419,73.81087915
wanshouxigong_aq#13,79.35876865,69.71505132,79.35876865
wanshouxigong_aq#14,83.79246063,76.73606341,83.79246063
wanshouxigong_aq#15,84.31610412,67.37043328,84.31610412
wanshouxigong_aq#16,69.03110107,68.61892438,69.03110107
wanshouxigong_aq#17,61.09234306,54.59363509,61.09234306
wanshouxigong_aq#18,53.97049814,57.35055544,53.97049814
wanshouxigong_aq#19,51.35893775,57.66282857,51.35893775
wanshouxigong_aq#20,55.70811149,50.43290736,55.70811149
wanshouxigong_aq#21,41.08312013,48.15041031,41.08312013
wanshouxigong_aq#22,43.68172981,66.27522676,43.68172981
wanshouxigong_aq#23,37.74109742,57.8717172,37.74109742
wanshouxigong_aq#24,27.45480876,59.96569962,27.45480876
wanshouxigong_aq#25,38.69266715,65.37577729,38.69266715
wanshouxigong_aq#26,60.00314564,81.70576687,60.00314564
wanshouxigong_aq#27,60.10004076,92.2768502,60.10004076
wanshouxigong_aq#28,60.29148172,95.35259703,60.29148172
wanshouxigong_aq#29,63.44873397,102.9798649,63.44873397
wanshouxigong_aq#30,58.20162679,93.46186857,58.20162679
wanshouxigong_aq#31,40.54412607,33.76095563,40.54412607
wanshouxigong_aq#32,39.10823266,34.55042944,39.10823266
wanshouxigong_aq#33,30.81146292,41.73355016,30.81146292
wanshouxigong_aq#34,36.79716667,46.00142533,36.79716667
wanshouxigong_aq#35,34.72662898,39.09721131,34.72662898
wanshouxigong_aq#36,36.51376407,42.24927683,36.51376407
wanshouxigong_aq#37,42.15875553,51.80067949,42.15875553
wanshouxigong_aq#38,52.26747937,61.40182148,52.26747937
wanshouxigong_aq#39,49.80087551,54.73916447,49.80087551
wanshouxigong_aq#40,49.07011684,47.2059377,49.07011684
wanshouxigong_aq#41,68.31585218,53.96552377,68.31585218
wanshouxigong_aq#42,68.05167001,57.8724559,68.05167001
wanshouxigong_aq#43,56.29959626,43.92124603,56.29959626
wanshouxigong_aq#44,49.82905862,37.14973831,49.82905862
wanshouxigong_aq#45,46.5008675,32.64334835,46.5008675
wanshouxigong_aq#46,36.09151746,37.27147189,36.09151746
wanshouxigong_aq#47,40.25753238,39.27434987,40.25753238
aotizhongxin_aq#0,24.65094774,38.55348336,24.65094774
aotizhongxin_aq#1,44.95927531,83.20002776,44.95927531
aotizhongxin_aq#2,50.07153398,98.9617626,50.07153398
aotizhongxin_aq#3,51.50170996,105.5405909,51.50170996
aotizhongxin_aq#4,45.81288077,80.66570255,45.81288077
aotizhongxin_aq#5,55.08097323,92.60632892,55.08097323
aotizhongxin_aq#6,51.85028795,71.03426513,51.85028795
aotizhongxin_aq#7,92.78607778,108.2747129,92.78607778
aotizhongxin_aq#8,59.47504065,29.51551239,59.47504065
aotizhongxin_aq#9,65.70086738,45.27313065,65.70086738
aotizhongxin_aq#10,74.13283049,47.14809042,74.13283049
aotizhongxin_aq#11,78.38746524,50.57788071,78.38746524
aotizhongxin_aq#12,86.7874374,64.40336982,86.7874374
aotizhongxin_aq#13,87.15802491,68.75087797,87.15802491
aotizhongxin_aq#14,91.15870771,68.92074549,91.15870771
aotizhongxin_aq#15,89.27129108,66.96710604,89.27129108
aotizhongxin_aq#16,71.37690573,73.22674322,71.37690573
aotizhongxin_aq#17,50.21493418,66.94338364,50.21493418
aotizhongxin_aq#18,50.11541073,42.83668597,50.11541073
aotizhongxin_aq#19,50.6395664,49.40960741,50.6395664
aotizhongxin_aq#20,53.57804263,60.82802403,53.57804263
aotizhongxin_aq#21,51.69948726,59.01035032,51.69948726
aotizhongxin_aq#22,42.73088309,79.10557095,42.73088309
aotizhongxin_aq#23,43.89434769,68.28527336,43.89434769
aotizhongxin_aq#24,37.11421784,65.68864184,37.11421784
aotizhongxin_aq#25,41.35040491,66.21855975,41.35040491
aotizhongxin_aq#26,51.15830527,71.7469528,51.15830527
aotizhongxin_aq#27,58.94155576,78.72505605,58.94155576
aotizhongxin_aq#28,59.98740669,92.82554848,59.98740669
aotizhongxin_aq#29,62.43093409,90.93277499,62.43093409
aotizhongxin_aq#30,49.47356967,75.84674661,49.47356967
aotizhongxin_aq#31,31.54287519,31.90813673,31.54287519
aotizhongxin_aq#32,33.76730264,20.6127665,33.76730264
aotizhongxin_aq#33,37.954882,39.65142654,37.954882
aotizhongxin_aq#34,48.26788931,46.93972387,48.26788931
aotizhongxin_aq#35,50.82337558,46.50492495,50.82337558
aotizhongxin_aq#36,47.38685602,42.68103771,47.38685602
aotizhongxin_aq#37,41.7461895,43.79749352,41.7461895
aotizhongxin_aq#38,55.647052,57.55073173,55.647052
aotizhongxin_aq#39,61.95044812,62.68309859,61.95044812
aotizhongxin_aq#40,56.76198255,49.9697954,56.76198255
aotizhongxin_aq#41,51.5830048,48.27595508,51.5830048
aotizhongxin_aq#42,54.19297004,52.40911043,54.19297004
aotizhongxin_aq#43,49.73453921,44.66690292,49.73453921
aotizhongxin_aq#44,43.48053498,45.69948344,43.48053498
aotizhongxin_aq#45,33.88936875,44.71469768,33.88936875
aotizhongxin_aq#46,34.57633996,61.42568065,34.57633996
aotizhongxin_aq#47,36.3737511,52.77972502,36.3737511
nongzhanguan_aq#0,33.67550632,66.90263991,33.67550632
nongzhanguan_aq#1,53.41186626,109.2648195,53.41186626
nongzhanguan_aq#2,63.67298121,104.0094787,63.67298121
nongzhanguan_aq#3,64.4820286,121.8153675,64.4820286
nongzhanguan_aq#4,55.11566914,108.2009749,55.11566914
nongzhanguan_aq#5,68.42236806,109.1559973,68.42236806
nongzhanguan_aq#6,57.16663055,100.916214,57.16663055
nongzhanguan_aq#7,60.39575614,75.47805281,60.39575614
nongzhanguan_aq#8,57.98380423,45.81003378,57.98380423
nongzhanguan_aq#9,94.0483062,119.7078711,94.0483062
nongzhanguan_aq#10,97.0688812,128.7333141,97.0688812
nongzhanguan_aq#11,62.07033542,52.46847671,62.07033542
nongzhanguan_aq#12,73.45868003,67.04397967,73.45868003
nongzhanguan_aq#13,73.69475978,62.52177546,73.69475978
nongzhanguan_aq#14,74.08474284,61.88057724,74.08474284
nongzhanguan_aq#15,81.85100717,61.93991225,81.85100717
nongzhanguan_aq#16,63.45130303,58.60264444,63.45130303
nongzhanguan_aq#17,57.7353878,60.06466652,57.7353878
nongzhanguan_aq#18,47.92681276,48.75217747,47.92681276
nongzhanguan_aq#19,51.85175527,52.0608717,51.85175527
nongzhanguan_aq#20,57.7328359,50.3944284,57.7328359
nongzhanguan_aq#21,45.5138051,48.103431,45.5138051
nongzhanguan_aq#22,37.69970303,73.95466386,37.69970303
nongzhanguan_aq#23,38.69896138,61.06094029,38.69896138
nongzhanguan_aq#24,38.5289054,75.60385821,38.5289054
nongzhanguan_aq#25,41.73095918,76.94720501,41.73095918
nongzhanguan_aq#26,54.10901058,79.64089465,54.10901058
nongzhanguan_aq#27,58.23000304,86.48747243,58.23000304
nongzhanguan_aq#28,58.52131944,90.21611039,58.52131944
nongzhanguan_aq#29,58.25597067,93.70582228,58.25597067
nongzhanguan_aq#30,57.47037009,96.10142755,57.47037009
nongzhanguan_aq#31,27.11795535,32.44238622,27.11795535
nongzhanguan_aq#32,26.10466127,31.4781483,26.10466127
nongzhanguan_aq#33,26.40087092,40.37744189,26.40087092
nongzhanguan_aq#34,42.11847417,54.03806385,42.11847417
nongzhanguan_aq#35,40.05445738,45.40688122,40.05445738
nongzhanguan_aq#36,32.21787996,39.82043986,32.21787996
nongzhanguan_aq#37,32.24109271,43.06052557,32.24109271
nongzhanguan_aq#38,49.99846147,60.48600668,49.99846147
nongzhanguan_aq#39,60.26549724,69.07580854,60.26549724
nongzhanguan_aq#40,45.78366097,53.11011986,45.78366097
nongzhanguan_aq#41,60.60492304,56.41810631,60.60492304
nongzhanguan_aq#42,55.82165136,42.71396334,55.82165136
nongzhanguan_aq#43,48.61704417,37.90872367,48.61704417
nongzhanguan_aq#44,42.21423738,34.11633484,42.21423738
nongzhanguan_aq#45,38.61488536,26.92363479,38.61488536
nongzhanguan_aq#46,35.51189466,41.01829153,35.51189466
nongzhanguan_aq#47,35.98056867,43.58699069,35.98056867
wanliu_aq#0,26.43223272,63.37551182,26.43223272
wanliu_aq#1,43.5853093,83.97026553,43.5853093
wanliu_aq#2,50.41724834,100.0272466,50.41724834
wanliu_aq#3,56.24901372,108.9081442,56.24901372
wanliu_aq#4,45.10564905,91.75754633,45.10564905
wanliu_aq#5,53.31813063,93.6720822,53.31813063
wanliu_aq#6,51.08381147,73.51814971,51.08381147
wanliu_aq#7,88.57823532,106.3755261,88.57823532
wanliu_aq#8,67.16945069,33.1135958,67.16945069
wanliu_aq#9,71.29432304,44.7611528,71.29432304
wanliu_aq#10,63.64066568,45.74466015,63.64066568
wanliu_aq#11,68.24188249,56.96756018,68.24188249
wanliu_aq#12,81.84945425,71.07644404,81.84945425
wanliu_aq#13,87.61342989,77.57754871,87.61342989
wanliu_aq#14,91.161406,78.19919295,91.161406
wanliu_aq#15,81.90472739,68.46105598,81.90472739
wanliu_aq#16,75.09052783,80.14804059,75.09052783
wanliu_aq#17,49.98939765,71.72165379,49.98939765
wanliu_aq#18,56.87545782,57.50717571,56.87545782
wanliu_aq#19,45.84362631,63.50020082,45.84362631
wanliu_aq#20,49.04799739,70.61377525,49.04799739
wanliu_aq#21,49.75325498,63.567577,49.75325498
wanliu_aq#22,45.15289371,72.11013733,45.15289371
wanliu_aq#23,44.97280128,67.63433693,44.97280128
wanliu_aq#24,39.04579135,71.28598828,39.04579135
wanliu_aq#25,42.52883943,69.66533823,42.52883943
wanliu_aq#26,50.88995633,74.49091054,50.88995633
wanliu_aq#27,52.5517255,82.67416783,52.5517255
wanliu_aq#28,61.24622055,89.34068325,61.24622055
wanliu_aq#29,59.99733117,86.84624872,59.99733117
wanliu_aq#30,58.42479455,87.81711626,58.42479455
wanliu_aq#31,44.35995761,40.74439528,44.35995761
wanliu_aq#32,51.12794145,26.17700501,51.12794145
wanliu_aq#33,60.7260318,51.55751286,60.7260318
wanliu_aq#34,46.07911561,35.82375961,46.07911561
wanliu_aq#35,49.28108964,45.64909035,49.28108964
wanliu_aq#36,45.83020985,50.07836887,45.83020985
wanliu_aq#37,47.20909556,52.09981106,47.20909556
wanliu_aq#38,50.47948752,60.53203338,50.47948752
wanliu_aq#39,57.95131037,61.78712877,57.95131037
wanliu_aq#40,58.57499928,53.38434264,58.57499928
wanliu_aq#41,52.75857183,62.0480732,52.75857183
wanliu_aq#42,43.30980028,52.39525307,43.30980028
wanliu_aq#43,49.01212462,47.59306072,49.01212462
wanliu_aq#44,43.68957182,45.63332183,43.68957182
wanliu_aq#45,35.51558318,44.24695748,35.51558318
wanliu_aq#46,32.40174876,35.08648779,32.40174876
wanliu_aq#47,32.41506784,36.29285706,32.41506784
beibuxinqu_aq#0,22.73514335,89.29392035,22.73514335
beibuxinqu_aq#1,43.78997463,128.3570382,43.78997463
beibuxinqu_aq#2,46.53312853,131.6075818,46.53312853
beibuxinqu_aq#3,50.76534703,141.0782014,50.76534703
beibuxinqu_aq#4,42.37018764,119.1156977,42.37018764
beibuxinqu_aq#5,52.16540258,112.6124984,52.16540258
beibuxinqu_aq#6,95.85815684,136.3227326,95.85815684
beibuxinqu_aq#7,83.03572258,131.9178637,83.03572258
beibuxinqu_aq#8,53.45315329,52.70541161,53.45315329
beibuxinqu_aq#9,63.15629637,59.63561208,63.15629637
beibuxinqu_aq#10,69.35930746,43.19256522,69.35930746
beibuxinqu_aq#11,70.94948887,50.59444703,70.94948887
beibuxinqu_aq#12,80.70987946,52.87494838,80.70987946
beibuxinqu_aq#13,78.21929409,56.82581612,78.21929409
beibuxinqu_aq#14,77.93657631,60.72792329,77.93657631
beibuxinqu_aq#15,83.23419866,54.02776364,83.23419866
beibuxinqu_aq#16,80.51719706,70.05218181,80.51719706
beibuxinqu_aq#17,57.31348267,90.4658858,57.31348267
beibuxinqu_aq#18,64.72794499,82.3888327,64.72794499
beibuxinqu_aq#19,57.30267114,73.74601053,57.30267114
beibuxinqu_aq#20,65.98953925,87.33021127,65.98953925
beibuxinqu_aq#21,54.14022599,83.59901796,54.14022599
beibuxinqu_aq#22,43.73672676,126.9535127,43.73672676
beibuxinqu_aq#23,41.53177667,110.3916232,41.53177667
beibuxinqu_aq#24,41.93270517,123.2490173,41.93270517
beibuxinqu_aq#25,50.5460285,111.7060092,50.5460285
beibuxinqu_aq#26,53.82730965,97.99671963,53.82730965
beibuxinqu_aq#27,59.13276655,102.7304315,59.13276655
beibuxinqu_aq#28,56.78604312,114.9113033,56.78604312
beibuxinqu_aq#29,57.0757381,112.578845,57.0757381
beibuxinqu_aq#30,54.20804387,103.3169932,54.20804387
beibuxinqu_aq#31,40.96415043,50.47378541,40.96415043
beibuxinqu_aq#32,55.31198363,49.42129278,55.31198363
beibuxinqu_aq#33,58.12828724,48.40525023,58.12828724
beibuxinqu_aq#34,52.21523046,34.46721629,52.21523046
beibuxinqu_aq#35,59.70381843,33.34084867,59.70381843
beibuxinqu_aq#36,46.45372403,28.07395036,46.45372403
beibuxinqu_aq#37,37.556106,39.44814615,37.556106
beibuxinqu_aq#38,49.9847524,31.53822903,49.9847524
beibuxinqu_aq#39,42.71287999,21.94481031,42.71287999
beibuxinqu_aq#40,46.84618389,18.09161869,46.84618389
beibuxinqu_aq#41,44.95876872,17.13079965,44.95876872
beibuxinqu_aq#42,54.97992456,20.17725129,54.97992456
beibuxinqu_aq#43,50.3315015,25.5416466,50.3315015
beibuxinqu_aq#44,44.7632329,44.26250839,44.7632329
beibuxinqu_aq#45,38.49340051,51.86793238,38.49340051
beibuxinqu_aq#46,35.16191528,49.8365964,35.16191528
beibuxinqu_aq#47,31.86091322,52.71138114,31.86091322
zhiwuyuan_aq#0,0,0,0
zhiwuyuan_aq#1,0,0,0
zhiwuyuan_aq#2,0,0,0
zhiwuyuan_aq#3,0,0,0
zhiwuyuan_aq#4,0,0,0
zhiwuyuan_aq#5,0,0,0
zhiwuyuan_aq#6,0,0,0
zhiwuyuan_aq#7,0,0,0
zhiwuyuan_aq#8,0,0,0
zhiwuyuan_aq#9,0,0,0
zhiwuyuan_aq#10,0,0,0
zhiwuyuan_aq#11,0,0,0
zhiwuyuan_aq#12,0,0,0
zhiwuyuan_aq#13,0,0,0
zhiwuyuan_aq#14,0,0,0
zhiwuyuan_aq#15,0,0,0
zhiwuyuan_aq#16,0,0,0
zhiwuyuan_aq#17,0,0,0
zhiwuyuan_aq#18,0,0,0
zhiwuyuan_aq#19,0,0,0
zhiwuyuan_aq#20,0,0,0
zhiwuyuan_aq#21,0,0,0
zhiwuyuan_aq#22,0,0,0
zhiwuyuan_aq#23,0,0,0
zhiwuyuan_aq#24,0,0,0
zhiwuyuan_aq#25,0,0,0
zhiwuyuan_aq#26,0,0,0
zhiwuyuan_aq#27,0,0,0
zhiwuyuan_aq#28,0,0,0
zhiwuyuan_aq#29,0,0,0
zhiwuyuan_aq#30,0,0,0
zhiwuyuan_aq#31,0,0,0
zhiwuyuan_aq#32,0,0,0
zhiwuyuan_aq#33,0,0,0
zhiwuyuan_aq#34,0,0,0
zhiwuyuan_aq#35,0,0,0
zhiwuyuan_aq#36,0,0,0
zhiwuyuan_aq#37,0,0,0
zhiwuyuan_aq#38,0,0,0
zhiwuyuan_aq#39,0,0,0
zhiwuyuan_aq#40,0,0,0
zhiwuyuan_aq#41,0,0,0
zhiwuyuan_aq#42,0,0,0
zhiwuyuan_aq#43,0,0,0
zhiwuyuan_aq#44,0,0,0
zhiwuyuan_aq#45,0,0,0
zhiwuyuan_aq#46,0,0,0
zhiwuyuan_aq#47,0,0,0
fengtaihuayuan_aq#0,48.86129591,83.33908977,48.86129591
fengtaihuayuan_aq#1,64.16399424,116.4662165,64.16399424
fengtaihuayuan_aq#2,65.9756928,116.3794531,65.9756928
fengtaihuayuan_aq#3,61.92275712,120.0366713,61.92275712
fengtaihuayuan_aq#4,54.83484317,108.2787345,54.83484317
fengtaihuayuan_aq#5,65.8929778,106.3174728,65.8929778
fengtaihuayuan_aq#6,66.63428916,70.78780534,66.63428916
fengtaihuayuan_aq#7,68.26201724,65.28106621,68.26201724
fengtaihuayuan_aq#8,56.35652888,38.82090814,56.35652888
fengtaihuayuan_aq#9,60.32414146,54.36975307,60.32414146
fengtaihuayuan_aq#10,61.5394809,48.20623995,61.5394809
fengtaihuayuan_aq#11,50.61665397,36.76479456,50.61665397
fengtaihuayuan_aq#12,66.77260394,44.29069721,66.77260394
fengtaihuayuan_aq#13,77.92690225,42.86618719,77.92690225
fengtaihuayuan_aq#14,78.31598657,46.01217511,78.31598657
fengtaihuayuan_aq#15,78.67775287,59.14564477,78.67775287
fengtaihuayuan_aq#16,74.19906611,77.2690277,74.19906611
fengtaihuayuan_aq#17,63.06242464,78.78519968,63.06242464
fengtaihuayuan_aq#18,57.06319902,61.35084011,57.06319902
fengtaihuayuan_aq#19,52.25023299,60.00670919,52.25023299
fengtaihuayuan_aq#20,60.27740477,81.01640697,60.27740477
fengtaihuayuan_aq#21,41.74080087,55.05208076,41.74080087
fengtaihuayuan_aq#22,48.48697984,106.0220128,48.48697984
fengtaihuayuan_aq#23,34.44206206,87.5709293,34.44206206
fengtaihuayuan_aq#24,28.89570929,76.27148035,28.89570929
fengtaihuayuan_aq#25,44.66522979,78.24993394,44.66522979
fengtaihuayuan_aq#26,67.10582971,84.2879144,67.10582971
fengtaihuayuan_aq#27,63.21499658,87.67098434,63.21499658
fengtaihuayuan_aq#28,62.89348343,83.33225414,62.89348343
fengtaihuayuan_aq#29,61.94876235,83.07219793,61.94876235
fengtaihuayuan_aq#30,71.01403985,89.48034351,71.01403985
fengtaihuayuan_aq#31,55.05734224,61.93132016,55.05734224
fengtaihuayuan_aq#32,43.91797865,35.44352725,43.91797865
fengtaihuayuan_aq#33,38.27779712,28.53482648,38.27779712
fengtaihuayuan_aq#34,38.28313821,36.8455731,38.28313821
fengtaihuayuan_aq#35,28.8772801,25.57638044,28.8772801
fengtaihuayuan_aq#36,32.5317503,23.60026663,32.5317503
fengtaihuayuan_aq#37,41.78896403,24.08968096,41.78896403
fengtaihuayuan_aq#38,50.41506145,35.64573591,50.41506145
fengtaihuayuan_aq#39,42.8518628,22.91528423,42.8518628
fengtaihuayuan_aq#40,49.11148135,39.19490082,49.11148135
fengtaihuayuan_aq#41,58.94739956,31.20785483,58.94739956
fengtaihuayuan_aq#42,55.98552449,46.64217975,55.98552449
fengtaihuayuan_aq#43,50.65086602,38.48956417,50.65086602
fengtaihuayuan_aq#44,48.96084031,46.57648443,48.96084031
fengtaihuayuan_aq#45,41.70217676,50.13360975,41.70217676
fengtaihuayuan_aq#46,35.40346405,40.47709876,35.40346405
fengtaihuayuan_aq#47,41.46944833,46.33108516,41.46944833
yungang_aq#0,35.9435356,45.44142419,35.9435356
yungang_aq#1,62.50310662,96.60895703,62.50310662
yungang_aq#2,63.13601037,99.49444897,63.13601037
yungang_aq#3,64.71521121,111.6656447,64.71521121
yungang_aq#4,63.53214683,96.0850714,63.53214683
yungang_aq#5,63.20209887,91.53432962,63.20209887
yungang_aq#6,103.4915901,114.4807112,103.4915901
yungang_aq#7,98.79920061,111.8673475,98.79920061
yungang_aq#8,92.35342763,119.0860957,92.35342763
yungang_aq#9,80.63264859,132.9397049,80.63264859
yungang_aq#10,98.32302022,136.9056714,98.32302022
yungang_aq#11,65.24612104,57.03995024,65.24612104
yungang_aq#12,69.87172773,65.82616482,69.87172773
yungang_aq#13,81.40090561,76.10787506,81.40090561
yungang_aq#14,80.14403798,82.52599592,80.14403798
yungang_aq#15,81.80520108,69.6691581,81.80520108
yungang_aq#16,63.79098759,72.90875403,63.79098759
yungang_aq#17,65.88808494,63.62705406,65.88808494
yungang_aq#18,55.44424704,65.59277141,55.44424704
yungang_aq#19,56.92893332,66.85776397,56.92893332
yungang_aq#20,66.04007963,64.63854498,66.04007963
yungang_aq#21,41.61532088,51.39163575,41.61532088
yungang_aq#22,51.35359333,73.47377934,51.35359333
yungang_aq#23,39.02081431,67.42052955,39.02081431
yungang_aq#24,35.67803569,72.33468703,35.67803569
yungang_aq#25,47.69814029,68.28208861,47.69814029
yungang_aq#26,61.00154035,79.45255892,61.00154035
yungang_aq#27,60.10704708,92.08542295,60.10704708
yungang_aq#28,60.33883311,94.13013565,60.33883311
yungang_aq#29,61.80782196,101.2830959,61.80782196
yungang_aq#30,61.36308071,116.6822339,61.36308071
yungang_aq#31,64.27916035,87.5462504,64.27916035
yungang_aq#32,47.22670232,29.47596965,47.22670232
yungang_aq#33,42.19658469,36.9823521,42.19658469
yungang_aq#34,43.5985496,37.21169806,43.5985496
yungang_aq#35,33.4772847,37.34581004,33.4772847
yungang_aq#36,40.85097166,36.07686164,40.85097166
yungang_aq#37,36.09360601,32.5745783,36.09360601
yungang_aq#38,50.28356724,54.04236187,50.28356724
yungang_aq#39,48.27252025,49.90360484,48.27252025
yungang_aq#40,47.64364231,43.16027802,47.64364231
yungang_aq#41,53.27077626,39.30715474,53.27077626
yungang_aq#42,48.95779199,31.91898646,48.95779199
yungang_aq#43,54.48319167,38.39080113,54.48319167
yungang_aq#44,49.93086038,36.97902367,49.93086038
yungang_aq#45,42.09864507,27.72343064,42.09864507
yungang_aq#46,39.81092242,39.85670534,39.81092242
yungang_aq#47,39.28293517,37.79419407,39.28293517
gucheng_aq#0,37.96571161,132.5356361,37.96571161
gucheng_aq#1,47.13130624,123.3860616,47.13130624
gucheng_aq#2,63.06810148,128.4164387,63.06810148
gucheng_aq#3,67.71217268,141.4077558,67.71217268
gucheng_aq#4,62.47196082,116.3639843,62.47196082
gucheng_aq#5,65.91698419,119.5109799,65.91698419
gucheng_aq#6,95.20182307,121.04245,95.20182307
gucheng_aq#7,92.80385642,120.7545741,92.80385642
gucheng_aq#8,52.90136196,53.98047975,52.90136196
gucheng_aq#9,88.46149854,132.9832121,88.46149854
gucheng_aq#10,70.32958097,53.46729454,70.32958097
gucheng_aq#11,67.39924636,49.20405896,67.39924636
gucheng_aq#12,78.48503024,55.87881578,78.48503024
gucheng_aq#13,78.98872276,52.51273985,78.98872276
gucheng_aq#14,83.72226654,54.6033072,83.72226654
gucheng_aq#15,81.53704408,54.24030925,81.53704408
gucheng_aq#16,72.37388366,98.75367504,72.37388366
gucheng_aq#17,68.02705535,85.72379243,68.02705535
gucheng_aq#18,72.68941406,87.9469565,72.68941406
gucheng_aq#19,70.48983112,76.505649,70.48983112
gucheng_aq#20,65.25794475,85.31699647,65.25794475
gucheng_aq#21,50.04414126,79.51328374,50.04414126
gucheng_aq#22,49.56939312,119.7519552,49.56939312
gucheng_aq#23,44.1146302,105.6488124,44.1146302
gucheng_aq#24,53.26581147,118.9611201,53.26581147
gucheng_aq#25,59.78888924,93.1957193,59.78888924
gucheng_aq#26,61.0523327,97.21868812,61.0523327
gucheng_aq#27,62.46310214,104.3651154,62.46310214
gucheng_aq#28,63.11949525,105.8323496,63.11949525
gucheng_aq#29,67.15140546,114.338862,67.15140546
gucheng_aq#30,66.45396387,108.198443,66.45396387
gucheng_aq#31,47.72850719,56.78904722,47.72850719
gucheng_aq#32,49.06773606,41.82002442,49.06773606
gucheng_aq#33,46.1882216,35.97937406,46.1882216
gucheng_aq#34,48.82893156,37.92359796,48.82893156
gucheng_aq#35,37.42410503,31.03582447,37.42410503
gucheng_aq#36,42.44056776,23.46466613,42.44056776
gucheng_aq#37,44.7069474,25.29538126,44.7069474
gucheng_aq#38,51.47038519,35.21251153,51.47038519
gucheng_aq#39,47.53002586,24.07081988,47.53002586
gucheng_aq#40,41.27474725,22.53032603,41.27474725
gucheng_aq#41,60.35683238,26.22810854,60.35683238
gucheng_aq#42,53.21360302,25.24292198,53.21360302
gucheng_aq#43,57.82487578,29.08439035,57.82487578
gucheng_aq#44,55.11169834,35.24323194,55.11169834
gucheng_aq#45,55.8363578,46.18452702,55.8363578
gucheng_aq#46,39.51136677,40.89513026,39.51136677
gucheng_aq#47,45.44461337,44.64105221,45.44461337
fangshan_aq#0,49.71957578,98.51159596,49.71957578
fangshan_aq#1,64.11114903,103.9665173,64.11114903
fangshan_aq#2,63.94620057,111.9862085,63.94620057
fangshan_aq#3,64.33282247,96.44875842,64.33282247
fangshan_aq#4,62.20746423,89.96803841,62.20746423
fangshan_aq#5,63.18485941,67.34371725,63.18485941
fangshan_aq#6,99.44461367,131.4731027,99.44461367
fangshan_aq#7,89.0608049,122.8963452,89.0608049
fangshan_aq#8,92.2414336,125.036185,92.2414336
fangshan_aq#9,79.17306705,127.4280976,79.17306705
fangshan_aq#10,77.05976504,125.8409302,77.05976504
fangshan_aq#11,58.11802884,41.25316811,58.11802884
fangshan_aq#12,64.71968366,61.73172654,64.71968366
fangshan_aq#13,69.95569562,65.61579671,69.95569562
fangshan_aq#14,86.49731351,90.03940884,86.49731351
fangshan_aq#15,81.05852149,79.41359085,81.05852149
fangshan_aq#16,68.48426791,132.5186302,68.48426791
fangshan_aq#17,67.63764989,121.7933835,67.63764989
fangshan_aq#18,56.07288185,108.079631,56.07288185
fangshan_aq#19,56.47191944,82.3767953,56.47191944
fangshan_aq#20,61.29942964,98.91571097,61.29942964
fangshan_aq#21,34.33111131,64.1502962,34.33111131
fangshan_aq#22,43.31729847,113.3488516,43.31729847
fangshan_aq#23,32.50776126,95.35537057,32.50776126
fangshan_aq#24,27.28642654,79.55037534,27.28642654
fangshan_aq#25,53.28758282,64.25208587,53.28758282
fangshan_aq#26,57.38876252,57.20153777,57.38876252
fangshan_aq#27,52.13700581,51.94591209,52.13700581
fangshan_aq#28,50.57440788,54.03163067,50.57440788
fangshan_aq#29,58.94109395,62.12499552,58.94109395
fangshan_aq#30,67.68363916,83.7344032,67.68363916
fangshan_aq#31,67.77053537,70.09996453,67.77053537
fangshan_aq#32,47.22421909,28.77844347,47.22421909
fangshan_aq#33,44.91725349,26.83985088,44.91725349
fangshan_aq#34,37.49577234,28.73036031,37.49577234
fangshan_aq#35,29.99856268,28.53718935,29.99856268
fangshan_aq#36,35.61172887,33.31187129,35.61172887
fangshan_aq#37,35.81723197,33.18129616,35.81723197
fangshan_aq#38,53.03884078,82.04230374,53.03884078
fangshan_aq#39,41.24184019,51.43022776,41.24184019
fangshan_aq#40,42.76648197,48.50383633,42.76648197
fangshan_aq#41,45.14460303,46.44978753,45.14460303
fangshan_aq#42,45.92305788,51.02386658,45.92305788
fangshan_aq#43,54.69320404,42.41143095,54.69320404
fangshan_aq#44,53.85913374,47.68847497,53.85913374
fangshan_aq#45,46.03538468,56.15209525,46.03538468
fangshan_aq#46,37.69625759,53.45012063,37.69625759
fangshan_aq#47,39.08470643,46.82787952,39.08470643
daxing_aq#0,53.00322448,88.6794018,53.00322448
daxing_aq#1,60.12198694,101.8090556,60.12198694
daxing_aq#2,54.58745141,97.80062786,54.58745141
daxing_aq#3,55.06646927,93.45886358,55.06646927
daxing_aq#4,44.26390083,84.67201655,44.26390083
daxing_aq#5,55.88973659,86.76461821,55.88973659
daxing_aq#6,61.7627706,62.74489952,61.7627706
daxing_aq#7,97.86754326,115.6964069,97.86754326
daxing_aq#8,53.50346214,28.36081341,53.50346214
daxing_aq#9,86.49598418,125.4494694,86.49598418
daxing_aq#10,77.63414318,125.0073512,77.63414318
daxing_aq#11,89.05871129,134.678871,89.05871129
daxing_aq#12,106.2828404,130.2531572,106.2828404
daxing_aq#13,74.69850173,65.48867566,74.69850173
daxing_aq#14,71.72565421,66.48602276,71.72565421
daxing_aq#15,80.40438943,79.13382886,80.40438943
daxing_aq#16,63.02324875,103.7056231,63.02324875
daxing_aq#17,55.14254078,108.1493085,55.14254078
daxing_aq#18,52.24760629,72.12485776,52.24760629
daxing_aq#19,48.22268506,74.42345021,48.22268506
daxing_aq#20,43.95182761,38.4285555,43.95182761
daxing_aq#21,24.28204415,41.75589301,24.28204415
daxing_aq#22,35.97773574,102.3238543,35.97773574
daxing_aq#23,50.2441975,108.3961869,50.2441975
daxing_aq#24,23.66219898,58.95422414,23.66219898
daxing_aq#25,23.91838931,55.47454344,23.91838931
daxing_aq#26,28.21579309,55.75040481,28.21579309
daxing_aq#27,35.29031593,67.91633216,35.29031593
daxing_aq#28,45.94778385,69.59951566,45.94778385
daxing_aq#29,39.53952645,56.45910808,39.53952645
daxing_aq#30,54.07949231,73.8633388,54.07949231
daxing_aq#31,43.0952028,50.55580697,43.0952028
daxing_aq#32,35.00218649,36.43310488,35.00218649
daxing_aq#33,25.73974988,31.36293309,25.73974988
daxing_aq#34,28.19028067,39.19173422,28.19028067
daxing_aq#35,21.50273397,39.19042625,21.50273397
daxing_aq#36,25.03374411,42.31925893,25.03374411
daxing_aq#37,32.06231381,57.88753595,32.06231381
daxing_aq#38,52.04558977,84.08626533,52.04558977
daxing_aq#39,55.51693102,78.84665784,55.51693102
daxing_aq#40,41.06622965,36.21990815,41.06622965
daxing_aq#41,65.84809257,60.40141354,65.84809257
daxing_aq#42,75.03218303,71.62505159,75.03218303
daxing_aq#43,59.10891848,76.40064163,59.10891848
daxing_aq#44,46.91228783,63.4936768,46.91228783
daxing_aq#45,51.74808198,64.58628672,51.74808198
daxing_aq#46,36.19137484,58.1840226,36.19137484
daxing_aq#47,33.7243013,49.44567684,33.7243013
yizhuang_aq#0,53.33232211,81.98312715,53.33232211
yizhuang_aq#1,60.20647482,102.8775999,60.20647482
yizhuang_aq#2,92.42948195,126.7449869,92.42948195
yizhuang_aq#3,68.95863158,116.2596018,68.95863158
yizhuang_aq#4,92.34583046,124.6446526,92.34583046
yizhuang_aq#5,60.70115885,107.0541155,60.70115885
yizhuang_aq#6,63.72078194,99.87034948,63.72078194
yizhuang_aq#7,86.12773862,110.4690406,86.12773862
yizhuang_aq#8,84.44172656,116.589522,84.44172656
yizhuang_aq#9,81.42456331,117.9933538,81.42456331
yizhuang_aq#10,76.51132506,120.4078706,76.51132506
yizhuang_aq#11,53.58849305,67.0440343,53.58849305
yizhuang_aq#12,108.3784995,155.1017625,108.3784995
yizhuang_aq#13,52.05480143,52.86846691,52.05480143
yizhuang_aq#14,67.4954548,66.613033,67.4954548
yizhuang_aq#15,66.67543251,57.91693755,66.67543251
yizhuang_aq#16,64.53829933,54.29190925,64.53829933
yizhuang_aq#17,64.71834947,65.47744326,64.71834947
yizhuang_aq#18,56.35740017,55.70538806,56.35740017
yizhuang_aq#19,47.62687246,54.37642317,47.62687246
yizhuang_aq#20,47.43214708,36.04932305,47.43214708
yizhuang_aq#21,33.09453238,35.39310949,33.09453238
yizhuang_aq#22,23.94092736,72.95702139,23.94092736
yizhuang_aq#23,94.74754033,97.63119346,94.74754033
yizhuang_aq#24,83.33923867,106.2884761,83.33923867
yizhuang_aq#25,27.17932245,72.05476345,27.17932245
yizhuang_aq#26,34.49767056,75.99705998,34.49767056
yizhuang_aq#27,47.39605544,88.83830554,47.39605544
yizhuang_aq#28,57.15477047,89.36019397,57.15477047
yizhuang_aq#29,60.86510758,97.88115381,60.86510758
yizhuang_aq#30,59.40146618,91.06208587,59.40146618
yizhuang_aq#31,40.35746045,32.21237636,40.35746045
yizhuang_aq#32,39.28809074,31.57663879,39.28809074
yizhuang_aq#33,29.20099976,39.65352597,29.20099976
yizhuang_aq#34,22.2940681,47.38704761,22.2940681
yizhuang_aq#35,18.02600065,44.22863985,18.02600065
yizhuang_aq#36,19.94754919,42.67662808,19.94754919
yizhuang_aq#37,23.50272236,40.05417183,23.50272236
yizhuang_aq#38,39.89300347,56.05019846,39.89300347
yizhuang_aq#39,56.46610016,69.05572959,56.46610016
yizhuang_aq#40,29.89475421,47.28069978,29.89475421
yizhuang_aq#41,60.97569826,50.01796251,60.97569826
yizhuang_aq#42,72.36975103,54.51985623,72.36975103
yizhuang_aq#43,51.48427253,37.82337541,51.48427253
yizhuang_aq#44,41.53811516,26.03788947,41.53811516
yizhuang_aq#45,37.69173807,25.26807057,37.69173807
yizhuang_aq#46,45.20729109,43.18112922,45.20729109
yizhuang_aq#47,37.29795206,39.30613181,37.29795206
tongzhou_aq#0,68.87582929,93.29605786,68.87582929
tongzhou_aq#1,56.26012903,109.1682518,56.26012903
tongzhou_aq#2,56.17711708,108.0622367,56.17711708
tongzhou_aq#3,60.21328511,109.902911,60.21328511
tongzhou_aq#4,46.84277158,93.2136896,46.84277158
tongzhou_aq#5,59.94580979,119.049472,59.94580979
tongzhou_aq#6,49.94809983,83.24292526,49.94809983
tongzhou_aq#7,62.52952995,76.35724934,62.52952995
tongzhou_aq#8,68.41572377,58.50134894,68.41572377
tongzhou_aq#9,81.77439715,135.4255146,81.77439715
tongzhou_aq#10,75.81206986,133.6257964,75.81206986
tongzhou_aq#11,53.29427591,53.25126616,53.29427591
tongzhou_aq#12,54.29595104,54.09727704,54.29595104
tongzhou_aq#13,57.0975817,56.71444267,57.0975817
tongzhou_aq#14,67.64644213,71.45042158,67.64644213
tongzhou_aq#15,65.2633036,75.0699236,65.2633036
tongzhou_aq#16,62.54767915,102.5043175,62.54767915
tongzhou_aq#17,56.40913276,90.11517334,56.40913276
tongzhou_aq#18,44.53490693,80.29961369,44.53490693
tongzhou_aq#19,49.17089206,73.35931515,49.17089206
tongzhou_aq#20,45.60497348,46.50139239,45.60497348
tongzhou_aq#21,39.48663889,49.94136556,39.48663889
tongzhou_aq#22,58.8523267,124.5679751,58.8523267
tongzhou_aq#23,58.48843838,121.9331372,58.48843838
tongzhou_aq#24,47.05515018,113.7537472,47.05515018
tongzhou_aq#25,46.99940234,104.3445599,46.99940234
tongzhou_aq#26,24.5520611,75.33935426,24.5520611
tongzhou_aq#27,23.32328014,76.95385267,23.32328014
tongzhou_aq#28,21.81571899,68.97155256,21.81571899
tongzhou_aq#29,30.44153838,87.86448696,30.44153838
tongzhou_aq#30,55.42299241,90.58080773,55.42299241
tongzhou_aq#31,57.40412668,81.25802486,57.40412668
tongzhou_aq#32,48.29975169,50.65538789,48.29975169
tongzhou_aq#33,42.81187893,47.81711784,42.81187893
tongzhou_aq#34,15.14964983,45.08247834,15.14964983
tongzhou_aq#35,30.09359965,51.85401073,30.09359965
tongzhou_aq#36,16.62241207,41.27777037,16.62241207
tongzhou_aq#37,20.37559038,40.60617676,20.37559038
tongzhou_aq#38,34.43729949,57.42161653,34.43729949
tongzhou_aq#39,40.0032285,61.76118095,40.0032285
tongzhou_aq#40,30.19366576,35.38429869,30.19366576
tongzhou_aq#41,36.32927766,43.16845424,36.32927766
tongzhou_aq#42,43.8694098,62.944462,43.8694098
tongzhou_aq#43,51.00140317,76.86819015,51.00140317
tongzhou_aq#44,54.41433551,95.23247574,54.41433551
tongzhou_aq#45,57.86947196,99.91986166,57.86947196
tongzhou_aq#46,43.38496708,89.30792594,43.38496708
tongzhou_aq#47,38.44019108,72.57546028,38.44019108
shunyi_aq#0,28.71538339,50.94813535,28.71538339
shunyi_aq#1,47.96362726,80.79195976,47.96362726
shunyi_aq#2,47.4187329,78.29817168,47.4187329
shunyi_aq#3,46.07227292,81.61497019,46.07227292
shunyi_aq#4,38.56054066,70.40212313,38.56054066
shunyi_aq#5,51.74649588,78.03277694,51.74649588
shunyi_aq#6,42.59209841,69.60833895,42.59209841
shunyi_aq#7,50.22554459,60.71894797,50.22554459
shunyi_aq#8,58.9910505,51.34238334,58.9910505
shunyi_aq#9,66.8722344,37.58112056,66.8722344
shunyi_aq#10,69.71677007,46.20263644,69.71677007
shunyi_aq#11,69.94490308,51.85254537,69.94490308
shunyi_aq#12,80.57065991,56.64356544,80.57065991
shunyi_aq#13,76.52199248,53.83182865,76.52199248
shunyi_aq#14,78.67677823,61.54812053,78.67677823
shunyi_aq#15,75.90055766,64.83238959,75.90055766
shunyi_aq#16,68.922373,66.10410443,68.922373
shunyi_aq#17,64.01866188,60.0482862,64.01866188
shunyi_aq#18,49.84351896,41.77318322,49.84351896
shunyi_aq#19,48.86739812,52.08325316,48.86739812
shunyi_aq#20,51.27045255,56.07644663,51.27045255
shunyi_aq#21,45.56486495,55.79170729,45.56486495
shunyi_aq#22,31.20418485,65.19972453,31.20418485
shunyi_aq#23,28.67482592,62.79194622,28.67482592
shunyi_aq#24,28.45028036,73.21881225,28.45028036
shunyi_aq#25,27.17706816,65.95935136,27.17706816
shunyi_aq#26,25.54742459,58.20098395,25.54742459
shunyi_aq#27,18.72446112,46.06308375,18.72446112
shunyi_aq#28,11.12790142,50.319601,11.12790142
shunyi_aq#29,18.26184721,56.29602876,18.26184721
shunyi_aq#30,41.29677788,73.9806856,41.29677788
shunyi_aq#31,37.3454964,70.40173478,37.3454964
shunyi_aq#32,34.67063085,30.25815067,34.67063085
shunyi_aq#33,36.16483206,34.61202728,36.16483206
shunyi_aq#34,30.92764351,40.13815657,30.92764351
shunyi_aq#35,42.85826292,44.94536543,42.85826292
shunyi_aq#36,39.19215559,36.61969591,39.19215559
shunyi_aq#37,48.79177547,47.7191878,48.79177547
shunyi_aq#38,63.96067497,62.47009926,63.96067497
shunyi_aq#39,58.85804852,55.79079802,58.85804852
shunyi_aq#40,69.23789573,57.02995912,69.23789573
shunyi_aq#41,72.64489263,58.53834506,72.64489263
shunyi_aq#42,56.91787728,43.67093818,56.91787728
shunyi_aq#43,44.14264186,57.1330918,44.14264186
shunyi_aq#44,45.50313778,55.02981678,45.50313778
shunyi_aq#45,35.02452267,59.10935397,35.02452267
shunyi_aq#46,33.56466279,53.52245621,33.56466279
shunyi_aq#47,41.13129279,59.57884099,41.13129279
pingchang_aq#0,20.87187729,33.50304248,20.87187729
pingchang_aq#1,40.58734169,90.07968481,40.58734169
pingchang_aq#2,39.36537976,90.2939928,39.36537976
pingchang_aq#3,45.00879906,82.38568823,45.00879906
pingchang_aq#4,36.29875442,60.31694351,36.29875442
pingchang_aq#5,44.25101627,72.56008911,44.25101627
pingchang_aq#6,82.39575427,104.4208126,82.39575427
pingchang_aq#7,83.96241535,117.615558,83.96241535
pingchang_aq#8,54.70975621,23.16723688,54.70975621
pingchang_aq#9,66.89475946,35.37314368,66.89475946
pingchang_aq#10,60.15091345,38.04253988,60.15091345
pingchang_aq#11,63.65403184,52.85358484,63.65403184
pingchang_aq#12,80.84512284,64.43688777,80.84512284
pingchang_aq#13,84.16066971,81.14428072,84.16066971
pingchang_aq#14,79.86091435,69.50962255,79.86091435
pingchang_aq#15,71.66424494,65.06394372,71.66424494
pingchang_aq#16,65.46004497,60.57553526,65.46004497
pingchang_aq#17,50.19533499,54.68394949,50.19533499
pingchang_aq#18,46.91226836,58.02428921,46.91226836
pingchang_aq#19,44.11855169,67.53059182,44.11855169
pingchang_aq#20,56.07209804,72.55025181,56.07209804
pingchang_aq#21,36.06203373,76.84280068,36.06203373
pingchang_aq#22,38.51984954,86.76603016,38.51984954
pingchang_aq#23,44.62098112,91.93359784,44.62098112
pingchang_aq#24,44.64146463,92.33399512,44.64146463
pingchang_aq#25,47.1377718,95.23663067,47.1377718
pingchang_aq#26,52.5172524,100.9348444,52.5172524
pingchang_aq#27,50.51760992,86.52431109,50.51760992
pingchang_aq#28,50.4268217,62.90227108,50.4268217
pingchang_aq#29,49.56593773,74.27745325,49.56593773
pingchang_aq#30,40.80352144,47.12929019,40.80352144
pingchang_aq#31,37.95154598,18.05945509,37.95154598
pingchang_aq#32,55.23119415,37.02216765,55.23119415
pingchang_aq#33,46.5274229,37.63547565,46.5274229
pingchang_aq#34,33.18204166,31.53253669,33.18204166
pingchang_aq#35,32.25812912,39.59329557,32.25812912
pingchang_aq#36,27.0237186,29.76735057,27.0237186
pingchang_aq#37,23.04523578,36.79363899,23.04523578
pingchang_aq#38,30.01575556,43.04758957,30.01575556
pingchang_aq#39,31.29587982,44.53422056,31.29587982
pingchang_aq#40,26.50118989,39.23585084,26.50118989
pingchang_aq#41,23.4424213,37.659702,23.4424213
pingchang_aq#42,25.75466034,34.48290969,25.75466034
pingchang_aq#43,33.9025451,42.49039488,33.9025451
pingchang_aq#44,33.03757725,43.13605689,33.03757725
pingchang_aq#45,37.0735766,56.7390057,37.0735766
pingchang_aq#46,29.32518873,60.2899319,29.32518873
pingchang_aq#47,28.15321358,52.20239732,28.15321358
mentougou_aq#0,26.40874521,106.3952674,26.40874521
mentougou_aq#1,38.7758251,107.9464156,38.7758251
mentougou_aq#2,47.62729726,108.7508387,47.62729726
mentougou_aq#3,48.30897796,119.5619574,48.30897796
mentougou_aq#4,44.06031219,102.6211021,44.06031219
mentougou_aq#5,49.88591122,103.7375529,49.88591122
mentougou_aq#6,48.63448149,88.2796444,48.63448149
mentougou_aq#7,92.85500822,118.785406,92.85500822
mentougou_aq#8,53.94755639,50.72192733,53.94755639
mentougou_aq#9,68.64315698,139.2952172,68.64315698
mentougou_aq#10,63.94058056,58.24695489,63.94058056
mentougou_aq#11,72.56866953,60.6446868,72.56866953
mentougou_aq#12,72.84002936,69.78754178,72.84002936
mentougou_aq#13,80.34927511,69.45864391,80.34927511
mentougou_aq#14,84.34870944,72.8399847,84.34870944
mentougou_aq#15,76.81121325,68.46951796,76.81121325
mentougou_aq#16,61.82421249,78.32622535,61.82421249
mentougou_aq#17,63.18877214,61.08916454,63.18877214
mentougou_aq#18,51.2181414,59.84497035,51.2181414
mentougou_aq#19,55.49471488,63.03669435,55.49471488
mentougou_aq#20,53.89646271,75.83454118,53.89646271
mentougou_aq#21,44.02923352,66.37029929,44.02923352
mentougou_aq#22,39.30635266,98.1789365,39.30635266
mentougou_aq#23,32.69485921,86.0869344,32.69485921
mentougou_aq#24,39.90647354,105.1711504,39.90647354
mentougou_aq#25,50.4580307,87.30594127,50.4580307
mentougou_aq#26,50.63813811,86.80305513,50.63813811
mentougou_aq#27,49.88822427,92.14094999,49.88822427
mentougou_aq#28,53.21121777,97.48608881,53.21121777
mentougou_aq#29,54.59344466,102.1920366,54.59344466
mentougou_aq#30,51.75869002,97.12050051,51.75869002
mentougou_aq#31,41.10553383,38.39268648,41.10553383
mentougou_aq#32,44.18087768,39.56596138,44.18087768
mentougou_aq#33,37.90689433,37.03703733,37.90689433
mentougou_aq#34,43.21464898,44.47548415,43.21464898
mentougou_aq#35,32.28181491,37.02260732,32.28181491
mentougou_aq#36,38.37583967,36.65920792,38.37583967
mentougou_aq#37,34.84974922,57.31548224,34.84974922
mentougou_aq#38,47.29089226,57.956681,47.29089226
mentougou_aq#39,42.92141769,43.44915124,42.92141769
mentougou_aq#40,39.51899397,34.49945648,39.51899397
mentougou_aq#41,45.56182918,46.6322061,45.56182918
mentougou_aq#42,51.25670588,42.06472821,51.25670588
mentougou_aq#43,54.33339962,35.03589684,54.33339962
mentougou_aq#44,45.71966114,31.98734118,45.71966114
mentougou_aq#45,44.06165585,29.90593317,44.06165585
mentougou_aq#46,36.71605885,40.33912938,36.71605885
mentougou_aq#47,41.87701641,40.62499655,41.87701641
pinggu_aq#0,45.05303315,85.84857668,45.05303315
pinggu_aq#1,37.66611631,72.83158263,37.66611631
pinggu_aq#2,46.8933564,78.52618579,46.8933564
pinggu_aq#3,35.85466563,61.15464215,35.85466563
pinggu_aq#4,35.5386794,62.9757567,35.5386794
pinggu_aq#5,27.56187027,48.15041615,27.56187027
pinggu_aq#6,23.82454395,45.76016552,23.82454395
pinggu_aq#7,47.71050308,54.88533507,47.71050308
pinggu_aq#8,62.40709946,73.51453664,62.40709946
pinggu_aq#9,58.93937355,35.18757968,58.93937355
pinggu_aq#10,67.75691969,60.25669123,67.75691969
pinggu_aq#11,69.2713419,70.64699076,69.2713419
pinggu_aq#12,74.3804641,75.58426082,74.3804641
pinggu_aq#13,77.12595867,82.17824614,77.12595867
pinggu_aq#14,78.81360943,83.14236974,78.81360943
pinggu_aq#15,74.38779663,82.82277441,74.38779663
pinggu_aq#16,68.53386701,65.98918518,68.53386701
pinggu_aq#17,60.42126361,63.39812097,60.42126361
pinggu_aq#18,55.79645744,61.31488355,55.79645744
pinggu_aq#19,52.77240591,67.04207666,52.77240591
pinggu_aq#20,62.74448618,77.52269522,62.74448618
pinggu_aq#21,30.30804748,59.51347709,30.30804748
pinggu_aq#22,31.04268158,68.07450031,31.04268158
pinggu_aq#23,26.07195916,65.49835495,26.07195916
pinggu_aq#24,22.57476828,54.36367656,22.57476828
pinggu_aq#25,28.10404671,55.82999139,28.10404671
pinggu_aq#26,17.9425355,52.08690592,17.9425355
pinggu_aq#27,18.27495509,45.91240008,18.27495509
pinggu_aq#28,19.73595877,50.25002026,19.73595877
pinggu_aq#29,31.79467856,79.81299733,31.79467856
pinggu_aq#30,65.31884652,95.84450769,65.31884652
pinggu_aq#31,64.6084096,78.00512413,64.6084096
pinggu_aq#32,62.10179711,54.83251026,62.10179711
pinggu_aq#33,53.73560353,28.73046946,53.73560353
pinggu_aq#34,47.18787031,36.27590639,47.18787031
pinggu_aq#35,58.40066438,54.3553588,58.40066438
pinggu_aq#36,44.42943172,34.0349543,44.42943172
pinggu_aq#37,54.83432265,40.44201553,54.83432265
pinggu_aq#38,57.16828684,61.74893923,57.16828684
pinggu_aq#39,70.0475354,66.29118471,70.0475354
pinggu_aq#40,80.35039736,67.05948664,80.35039736
pinggu_aq#41,75.92743859,53.8426661,75.92743859
pinggu_aq#42,77.35397657,62.13085065,77.35397657
pinggu_aq#43,63.79207732,55.24709586,63.79207732
pinggu_aq#44,65.28995982,49.94908714,65.28995982
pinggu_aq#45,59.36189181,59.84974208,59.36189181
pinggu_aq#46,46.73570434,68.77525023,46.73570434
pinggu_aq#47,55.40733993,62.17212097,55.40733993
huairou_aq#0,38.25025199,88.70951391,38.25025199
huairou_aq#1,37.08801429,88.80112057,37.08801429
huairou_aq#2,37.40524598,94.24537025,37.40524598
huairou_aq#3,32.65678463,81.60673147,32.65678463
huairou_aq#4,22.28825222,41.88120522,22.28825222
huairou_aq#5,21.86310712,33.27226109,21.86310712
huairou_aq#6,14.86892858,37.06181586,14.86892858
huairou_aq#7,37.57474086,58.29991061,37.57474086
huairou_aq#8,48.18425637,22.23463901,48.18425637
huairou_aq#9,55.33667111,92.54379443,55.33667111
huairou_aq#10,69.16888888,41.84271583,69.16888888
huairou_aq#11,68.77239857,49.19555717,68.77239857
huairou_aq#12,73.47942766,58.52257855,73.47942766
huairou_aq#13,77.95928337,62.78264449,77.95928337
huairou_aq#14,76.12240009,70.0722258,76.12240009
huairou_aq#15,64.05797982,68.27536696,64.05797982
huairou_aq#16,58.41595029,79.94760484,58.41595029
huairou_aq#17,51.22168967,82.82769292,51.22168967
huairou_aq#18,46.43135828,70.68969465,46.43135828
huairou_aq#19,45.38718749,68.05738161,45.38718749
huairou_aq#20,42.47894608,64.1677464,42.47894608
huairou_aq#21,39.85761324,66.45124561,39.85761324
huairou_aq#22,41.81923859,64.2337746,41.81923859
huairou_aq#23,32.43063846,54.55294964,32.43063846
huairou_aq#24,23.07591544,47.87325362,23.07591544
huairou_aq#25,34.90884496,79.15801256,34.90884496
huairou_aq#26,13.02556146,37.67772498,13.02556146
huairou_aq#27,22.52037674,41.40347931,22.52037674
huairou_aq#28,11.66922204,36.48360053,11.66922204
huairou_aq#29,23.56133391,45.76298476,23.56133391
huairou_aq#30,26.77603571,68.42974372,26.77603571
huairou_aq#31,49.08965271,71.916291,49.08965271
huairou_aq#32,52.02923541,61.89674739,52.02923541
huairou_aq#33,52.77475761,36.97279732,52.77475761
huairou_aq#34,37.37970193,37.70621741,37.37970193
huairou_aq#35,29.01317966,39.10101274,29.01317966
huairou_aq#36,27.05344779,33.39094547,27.05344779
huairou_aq#37,40.09302267,49.72031167,40.09302267
huairou_aq#38,40.69424756,64.77520354,40.69424756
huairou_aq#39,50.50946697,64.08985622,50.50946697
huairou_aq#40,57.61521286,73.16835354,57.61521286
huairou_aq#41,63.41988803,85.00489523,63.41988803
huairou_aq#42,56.06416644,80.51167036,56.06416644
huairou_aq#43,59.82817592,99.94383677,59.82817592
huairou_aq#44,36.71892968,52.73670661,36.71892968
huairou_aq#45,37.28959638,62.09969582,37.28959638
huairou_aq#46,37.43707612,52.03573522,37.43707612
huairou_aq#47,46.28773486,56.73003443,46.28773486
miyun_aq#0,30.58180765,72.18717357,30.58180765
miyun_aq#1,38.47193442,68.93883166,38.47193442
miyun_aq#2,38.51926153,69.48648069,38.51926153
miyun_aq#3,86.13159442,114.9864378,86.13159442
miyun_aq#4,70.2777094,67.613394,70.2777094
miyun_aq#5,58.68016816,56.53686585,58.68016816
miyun_aq#6,39.3784013,46.7889737,39.3784013
miyun_aq#7,77.17064386,104.1309591,77.17064386
miyun_aq#8,62.8436241,102.9451611,62.8436241
miyun_aq#9,63.24335673,101.8592549,63.24335673
miyun_aq#10,68.53304269,49.33603386,68.53304269
miyun_aq#11,69.56335472,64.04612671,69.56335472
miyun_aq#12,70.6540379,70.3599649,70.6540379
miyun_aq#13,69.99846537,68.59124848,69.99846537
miyun_aq#14,68.03244421,75.53008489,68.03244421
miyun_aq#15,63.58473556,75.25418854,63.58473556
miyun_aq#16,46.17246722,67.04738208,46.17246722
miyun_aq#17,55.9764832,75.59778393,55.9764832
miyun_aq#18,46.29130628,73.47811311,46.29130628
miyun_aq#19,43.56353694,63.13917311,43.56353694
miyun_aq#20,54.21021373,73.12281661,54.21021373
miyun_aq#21,33.80907443,60.46484829,33.80907443
miyun_aq#22,37.1137661,60.3771792,37.1137661
miyun_aq#23,31.90928466,60.80354951,31.90928466
miyun_aq#24,29.8203696,44.88712349,29.8203696
miyun_aq#25,24.40552765,37.76868639,24.40552765
miyun_aq#26,19.24281039,29.77357814,19.24281039
miyun_aq#27,17.20962386,26.5445136,17.20962386
miyun_aq#28,12.06866196,26.46960727,12.06866196
miyun_aq#29,15.01578593,28.386584,15.01578593
miyun_aq#30,17.54505154,61.7747261,17.54505154
miyun_aq#31,49.32435124,75.36735825,49.32435124
miyun_aq#32,53.56476217,56.14770963,53.56476217
miyun_aq#33,60.7376269,44.82196556,60.7376269
miyun_aq#34,57.23174938,39.40229649,57.23174938
miyun_aq#35,55.30931292,51.10911288,55.30931292
miyun_aq#36,40.19879589,32.86557188,40.19879589
miyun_aq#37,38.27323579,28.3946071,38.27323579
miyun_aq#38,49.00824712,58.35831021,49.00824712
miyun_aq#39,51.15074236,68.93082792,51.15074236
miyun_aq#40,72.76603863,71.93557034,72.76603863
miyun_aq#41,66.82719501,78.50151334,66.82719501
miyun_aq#42,54.82764119,79.27185499,54.82764119
miyun_aq#43,48.7976503,79.97274588,48.7976503
miyun_aq#44,36.98282827,54.71574157,36.98282827
miyun_aq#45,35.5061161,56.03290188,35.5061161
miyun_aq#46,35.26396854,65.76733656,35.26396854
miyun_aq#47,38.38729769,71.95064382,38.38729769
yanqin_aq#0,33.07647043,48.17815889,33.07647043
yanqin_aq#1,31.59656384,52.98856757,31.59656384
yanqin_aq#2,99.4969136,107.5318885,99.4969136
yanqin_aq#3,95.3187543,109.5293307,95.3187543
yanqin_aq#4,88.06763442,106.3861235,88.06763442
yanqin_aq#5,86.76856511,103.1146389,86.76856511
yanqin_aq#6,85.16971638,99.66956324,85.16971638
yanqin_aq#7,82.78854028,109.8697807,82.78854028
yanqin_aq#8,30.04899856,36.76331645,30.04899856
yanqin_aq#9,38.5938633,36.33124872,38.5938633
yanqin_aq#10,52.53160084,58.22513445,52.53160084
yanqin_aq#11,61.90069646,71.31354352,61.90069646
yanqin_aq#12,76.93137654,92.60360916,76.93137654
yanqin_aq#13,65.45187979,73.05193338,65.45187979
yanqin_aq#14,63.67185697,69.40667693,63.67185697
yanqin_aq#15,58.21905202,53.44953202,58.21905202
yanqin_aq#16,48.73577108,50.77705893,48.73577108
yanqin_aq#17,39.10461691,52.36817283,39.10461691
yanqin_aq#18,33.85091781,32.69283828,33.85091781
yanqin_aq#19,30.06609499,48.55009497,30.06609499
yanqin_aq#20,33.72934465,40.80336983,33.72934465
yanqin_aq#21,33.5973257,41.57429165,33.5973257
yanqin_aq#22,39.07460948,65.17659974,39.07460948
yanqin_aq#23,48.41594514,66.35380295,48.41594514
yanqin_aq#24,45.18795738,58.75323132,45.18795738
yanqin_aq#25,36.25757926,58.58690817,36.25757926
yanqin_aq#26,33.84702269,62.21125111,33.84702269
yanqin_aq#27,30.6320747,70.62259501,30.6320747
yanqin_aq#28,30.51442,64.80577742,30.51442
yanqin_aq#29,31.41480071,58.64445626,31.41480071
yanqin_aq#30,31.77409672,57.26502198,31.77409672
yanqin_aq#31,21.75412539,31.2178139,21.75412539
yanqin_aq#32,38.68332166,32.52475887,38.68332166
yanqin_aq#33,43.81286793,32.16747825,43.81286793
yanqin_aq#34,34.46977081,14.85748906,34.46977081
yanqin_aq#35,17.74972179,25.79470691,17.74972179
yanqin_aq#36,37.77429594,48.52159712,37.77429594
yanqin_aq#37,38.24176874,64.4966814,38.24176874
yanqin_aq#38,23.9065073,36.91628763,23.9065073
yanqin_aq#39,19.1851928,29.61946987,19.1851928
yanqin_aq#40,35.92034278,36.77486538,35.92034278
yanqin_aq#41,37.67981053,32.01197064,37.67981053
yanqin_aq#42,41.3648414,32.15351926,41.3648414
yanqin_aq#43,33.10418105,32.35815673,33.10418105
yanqin_aq#44,30.34728341,37.5942971,30.34728341
yanqin_aq#45,33.60584598,44.19133719,33.60584598
yanqin_aq#46,30.08909497,45.71064671,30.08909497
yanqin_aq#47,16.35936984,47.40756715,16.35936984
dingling_aq#0,28.7384909,32.97982869,28.7384909
dingling_aq#1,39.72031707,61.49882985,39.72031707
dingling_aq#2,43.63616343,66.22082233,43.63616343
dingling_aq#3,44.06762964,58.49205765,44.06762964
dingling_aq#4,32.41049602,48.98264329,32.41049602
dingling_aq#5,34.66694015,53.92518943,34.66694015
dingling_aq#6,77.54355928,123.2303163,77.54355928
dingling_aq#7,76.3624057,102.3775832,76.3624057
dingling_aq#8,35.50696475,20.65232091,35.50696475
dingling_aq#9,45.43055141,29.22578356,45.43055141
dingling_aq#10,47.80148155,30.30220422,47.80148155
dingling_aq#11,49.61128351,39.44269344,49.61128351
dingling_aq#12,61.60762497,51.06614039,61.60762497
dingling_aq#13,73.77103084,67.22716065,73.77103084
dingling_aq#14,68.64429098,58.054698,68.64429098
dingling_aq#15,68.49862706,66.69178856,68.49862706
dingling_aq#16,57.42164976,77.41350746,57.42164976
dingling_aq#17,46.91476947,82.54882242,46.91476947
dingling_aq#18,40.79110783,71.06915664,40.79110783
dingling_aq#19,37.09976037,61.81968516,37.09976037
dingling_aq#20,49.71642599,71.33036968,49.71642599
dingling_aq#21,33.54835128,54.93864909,33.54835128
dingling_aq#22,39.80150971,58.92369391,39.80150971
dingling_aq#23,44.5878295,76.35023167,44.5878295
dingling_aq#24,42.65668134,67.01059844,42.65668134
dingling_aq#25,41.23833998,65.46858243,41.23833998
dingling_aq#26,42.45998359,65.91481094,42.45998359
dingling_aq#27,39.52349321,74.20950145,39.52349321
dingling_aq#28,38.86524477,69.2534048,38.86524477
dingling_aq#29,40.38821496,74.7309027,40.38821496
dingling_aq#30,33.21793446,56.11818288,33.21793446
dingling_aq#31,25.13186018,23.8445627,25.13186018
dingling_aq#32,40.4588662,29.39824768,40.4588662
dingling_aq#33,33.57963868,32.55037223,33.57963868
dingling_aq#34,16.29543119,21.65066298,16.29543119
dingling_aq#35,11.6289266,19.59255792,11.6289266
dingling_aq#36,10.35995002,28.88791008,10.35995002
dingling_aq#37,13.93194764,42.90304457,13.93194764
dingling_aq#38,21.01616554,33.54276465,21.01616554
dingling_aq#39,23.18839656,45.95356885,23.18839656
dingling_aq#40,14.25651163,43.45316923,14.25651163
dingling_aq#41,17.19873008,59.31472825,17.19873008
dingling_aq#42,18.60501644,60.70687982,18.60501644
dingling_aq#43,30.58102373,65.3529466,30.58102373
dingling_aq#44,34.54970802,59.67086592,34.54970802
dingling_aq#45,35.08519183,54.27082856,35.08519183
dingling_aq#46,39.79373829,37.89176809,39.79373829
dingling_aq#47,38.72349115,33.38657949,38.72349115
badaling_aq#0,48.90144506,60.72728652,48.90144506
badaling_aq#1,33.96550587,60.41833358,33.96550587
badaling_aq#2,96.99798022,115.1639499,96.99798022
badaling_aq#3,92.96915472,113.9079403,92.96915472
badaling_aq#4,86.67996435,105.5509609,86.67996435
badaling_aq#5,84.3234058,100.4823315,84.3234058
badaling_aq#6,82.74871877,100.2523446,82.74871877
badaling_aq#7,79.08602798,109.1609599,79.08602798
badaling_aq#8,26.78914807,32.69750483,26.78914807
badaling_aq#9,36.13438998,38.98389459,36.13438998
badaling_aq#10,49.44299132,49.15361526,49.44299132
badaling_aq#11,56.37795407,56.08894128,56.37795407
badaling_aq#12,71.01628087,76.71237724,71.01628087
badaling_aq#13,70.07061336,72.63601697,70.07061336
badaling_aq#14,65.5558001,72.44892504,65.5558001
badaling_aq#15,57.17222703,58.37712665,57.17222703
badaling_aq#16,49.32294414,55.33805496,49.32294414
badaling_aq#17,39.45934824,50.00295965,39.45934824
badaling_aq#18,40.18717902,42.12793777,40.18717902
badaling_aq#19,34.0389106,50.40482614,34.0389106
badaling_aq#20,37.61949371,43.03569078,37.61949371
badaling_aq#21,36.18793628,37.99076425,36.18793628
badaling_aq#22,41.19914648,47.12963426,41.19914648
badaling_aq#23,50.64449841,64.81942618,50.64449841
badaling_aq#24,54.12952731,73.07929454,54.12952731
badaling_aq#25,49.64921339,62.8377794,49.64921339
badaling_aq#26,37.26030314,57.31313862,37.26030314
badaling_aq#27,33.68396414,70.53194482,33.68396414
badaling_aq#28,33.92392214,75.734205,33.92392214
badaling_aq#29,35.2674374,73.28432588,35.2674374
badaling_aq#30,35.20829273,70.63632345,35.20829273
badaling_aq#31,19.37491385,19.92299995,19.37491385
badaling_aq#32,31.97828091,22.18267817,31.97828091
badaling_aq#33,36.88309412,33.80480105,36.88309412
badaling_aq#34,25.97331071,21.0299546,25.97331071
badaling_aq#35,17.44306035,26.24856536,17.44306035
badaling_aq#36,22.57674127,50.45674868,22.57674127
badaling_aq#37,27.11078472,65.13218069,27.11078472
badaling_aq#38,16.77346534,31.95562056,16.77346534
badaling_aq#39,15.02057193,26.68770612,15.02057193
badaling_aq#40,25.27942992,36.07780278,25.27942992
badaling_aq#41,25.41167164,27.56480972,25.41167164
badaling_aq#42,34.33135559,37.86196206,34.33135559
badaling_aq#43,36.54694047,33.92303234,36.54694047
badaling_aq#44,33.30495127,27.75544562,33.30495127
badaling_aq#45,31.77929747,30.8144561,31.77929747
badaling_aq#46,33.31575033,27.2813522,33.31575033
badaling_aq#47,26.94125353,29.1602773,26.94125353
miyunshuiku_aq#0,35.10634907,43.97181869,35.10634907
miyunshuiku_aq#1,35.74405033,40.58252774,35.74405033
miyunshuiku_aq#2,38.53950885,43.82161911,38.53950885
miyunshuiku_aq#3,79.44472863,93.16464455,79.44472863
miyunshuiku_aq#4,47.85527472,47.46217959,47.85527472
miyunshuiku_aq#5,34.89918559,30.48486164,34.89918559
miyunshuiku_aq#6,31.26586737,29.27188575,31.26586737
miyunshuiku_aq#7,57.08045646,54.01095605,57.08045646
miyunshuiku_aq#8,62.88451901,34.03785741,62.88451901
miyunshuiku_aq#9,44.09590177,16.98179827,44.09590177
miyunshuiku_aq#10,40.23761582,12.75669397,40.23761582
miyunshuiku_aq#11,43.43176898,22.22173162,43.43176898
miyunshuiku_aq#12,47.21414688,26.0977784,47.21414688
miyunshuiku_aq#13,45.76129184,25.95231122,45.76129184
miyunshuiku_aq#14,53.05849656,49.63314977,53.05849656
miyunshuiku_aq#15,51.60666285,62.04461112,51.60666285
miyunshuiku_aq#16,53.7473557,52.09967739,53.7473557
miyunshuiku_aq#17,48.52917469,70.31851184,48.52917469
miyunshuiku_aq#18,50.84942195,30.15619594,50.84942195
miyunshuiku_aq#19,52.31389082,28.84161288,52.31389082
miyunshuiku_aq#20,49.70344095,73.94159394,49.70344095
miyunshuiku_aq#21,45.43593094,43.96156391,45.43593094
miyunshuiku_aq#22,34.21293257,54.36711242,34.21293257
miyunshuiku_aq#23,32.14110698,43.33973514,32.14110698
miyunshuiku_aq#24,31.82430905,36.14699442,31.82430905
miyunshuiku_aq#25,22.72320384,22.32150351,22.72320384
miyunshuiku_aq#26,18.62665543,16.67459707,18.62665543
miyunshuiku_aq#27,11.55686652,9.818417928,11.55686652
miyunshuiku_aq#28,12.8459566,8.912351502,12.8459566
miyunshuiku_aq#29,13.09011288,17.8432383,13.09011288
miyunshuiku_aq#30,26.52257799,68.03340287,26.52257799
miyunshuiku_aq#31,32.09025998,60.16036806,32.09025998
miyunshuiku_aq#32,33.84383234,28.75139068,33.84383234
miyunshuiku_aq#33,34.38694887,18.86833996,34.38694887
miyunshuiku_aq#34,24.32027653,8.845361289,24.32027653
miyunshuiku_aq#35,17.6621279,23.21232889,17.6621279
miyunshuiku_aq#36,12.78162541,9.403697067,12.78162541
miyunshuiku_aq#37,18.18901061,16.26641618,18.18901061
miyunshuiku_aq#38,21.0179153,15.09600844,21.0179153
miyunshuiku_aq#39,30.0670305,47.50580556,30.0670305
miyunshuiku_aq#40,31.39976145,57.25120092,31.39976145
miyunshuiku_aq#41,37.80488799,75.73381063,37.80488799
miyunshuiku_aq#42,41.24500064,71.83187574,41.24500064
miyunshuiku_aq#43,43.51044313,75.64115667,43.51044313
miyunshuiku_aq#44,45.52272104,58.46919966,45.52272104
miyunshuiku_aq#45,48.15072691,60.86349781,48.15072691
miyunshuiku_aq#46,43.41197832,35.34178518,43.41197832
miyunshuiku_aq#47,45.79584187,46.41192173,45.79584187
donggaocun_aq#0,44.54815139,95.6052129,44.54815139
donggaocun_aq#1,41.81877863,69.22320515,41.81877863
donggaocun_aq#2,41.39060791,74.90637251,41.39060791
donggaocun_aq#3,35.03650157,64.77529326,35.03650157
donggaocun_aq#4,26.67368005,63.81863553,26.67368005
donggaocun_aq#5,22.61236685,43.8626325,22.61236685
donggaocun_aq#6,19.2400251,35.01367671,19.2400251
donggaocun_aq#7,39.81177927,53.702327,39.81177927
donggaocun_aq#8,59.55181914,57.13652859,59.55181914
donggaocun_aq#9,73.62066114,27.96302661,73.62066114
donggaocun_aq#10,77.83278063,46.24805077,77.83278063
donggaocun_aq#11,83.40985914,55.97710056,83.40985914
donggaocun_aq#12,79.60735883,63.31106965,79.60735883
donggaocun_aq#13,83.70564048,75.74163768,83.70564048
donggaocun_aq#14,84.69533595,70.88704979,84.69533595
donggaocun_aq#15,80.2216685,73.45836627,80.2216685
donggaocun_aq#16,73.20992497,74.01083659,73.20992497
donggaocun_aq#17,60.84401058,79.85330903,60.84401058
donggaocun_aq#18,57.654313,79.79680595,57.654313
donggaocun_aq#19,52.85837346,78.78120808,52.85837346
donggaocun_aq#20,55.5846826,80.30724487,55.5846826
donggaocun_aq#21,33.58045032,53.32711879,33.58045032
donggaocun_aq#22,27.63800506,59.6820052,27.63800506
donggaocun_aq#23,26.92941946,55.09393539,26.92941946
donggaocun_aq#24,19.46367113,26.88324084,19.46367113
donggaocun_aq#25,23.91174448,42.74023229,23.91174448
donggaocun_aq#26,19.2626025,29.54914664,19.2626025
donggaocun_aq#27,17.5117187,26.26409744,17.5117187
donggaocun_aq#28,16.45696007,32.27081279,16.45696007
donggaocun_aq#29,30.88431284,54.04372557,30.88431284
donggaocun_aq#30,55.38104394,83.12688218,55.38104394
donggaocun_aq#31,57.57711786,70.89835833,57.57711786
donggaocun_aq#32,61.02186118,50.89315108,61.02186118
donggaocun_aq#33,57.96161978,30.33772502,57.96161978
donggaocun_aq#34,55.10582692,32.58865776,55.10582692
donggaocun_aq#35,67.65645504,51.86243438,67.65645504
donggaocun_aq#36,55.54015736,33.06623652,55.54015736
donggaocun_aq#37,64.61705003,40.7161756,64.61705003
donggaocun_aq#38,59.93043442,53.28900375,59.93043442
donggaocun_aq#39,72.6952751,69.97836012,72.6952751
donggaocun_aq#40,87.19275577,75.51766184,87.19275577
donggaocun_aq#41,75.76251954,82.09271356,75.76251954
donggaocun_aq#42,72.63972262,88.27337806,72.63972262
donggaocun_aq#43,51.29965456,79.36735686,51.29965456
donggaocun_aq#44,65.15859308,59.79113872,65.15859308
donggaocun_aq#45,50.77858837,58.19319291,50.77858837
donggaocun_aq#46,49.31871378,55.38886486,49.31871378
donggaocun_aq#47,52.45799704,47.71642596,52.45799704
yongledian_aq#0,62.52795451,102.8326945,62.52795451
yongledian_aq#1,50.1270748,112.7787444,50.1270748
yongledian_aq#2,43.09306055,107.9073244,43.09306055
yongledian_aq#3,46.94637829,119.8585061,46.94637829
yongledian_aq#4,37.41086621,98.11513791,37.41086621
yongledian_aq#5,51.00929221,122.2689423,51.00929221
yongledian_aq#6,43.3732583,108.9562183,43.3732583
yongledian_aq#7,38.32486222,86.59031425,38.32486222
yongledian_aq#8,42.02378024,70.58215379,42.02378024
yongledian_aq#9,64.27308922,123.2589462,64.27308922
yongledian_aq#10,64.00101001,123.8046148,64.00101001
yongledian_aq#11,42.73766998,69.91833321,42.73766998
yongledian_aq#12,37.58215048,52.37267595,37.58215048
yongledian_aq#13,35.44658887,51.98578126,35.44658887
yongledian_aq#14,48.32040461,50.69277332,48.32040461
yongledian_aq#15,61.0306261,61.22748094,61.0306261
yongledian_aq#16,34.98444507,62.90630099,34.98444507
yongledian_aq#17,36.23097673,65.2051325,36.23097673
yongledian_aq#18,37.50100529,65.32864142,37.50100529
yongledian_aq#19,36.26334729,42.64778428,36.26334729
yongledian_aq#20,38.38868038,25.48312786,38.38868038
yongledian_aq#21,48.79341343,43.25758528,48.79341343
yongledian_aq#22,57.5788335,114.2964494,57.5788335
yongledian_aq#23,54.24007332,108.3931463,54.24007332
yongledian_aq#24,27.77157462,96.18224646,27.77157462
yongledian_aq#25,25.67886341,96.29276773,25.67886341
yongledian_aq#26,19.45036433,79.77498326,19.45036433
yongledian_aq#27,16.9037056,85.13359149,16.9037056
yongledian_aq#28,9.114710727,75.40533498,9.114710727
yongledian_aq#29,20.19623264,83.90497916,20.19623264
yongledian_aq#30,50.35184773,96.20816724,50.35184773
yongledian_aq#31,45.87496763,90.2888137,45.87496763
yongledian_aq#32,22.69330157,53.10723932,22.69330157
yongledian_aq#33,26.95029891,59.66109986,26.95029891
yongledian_aq#34,16.96968552,48.134195,16.96968552
yongledian_aq#35,16.54097844,43.95559848,16.54097844
yongledian_aq#36,11.99853866,40.22202453,11.99853866
yongledian_aq#37,10.11060512,38.52391127,10.11060512
yongledian_aq#38,26.94058629,41.26049399,26.94058629
yongledian_aq#39,38.49054501,29.77844598,38.49054501
yongledian_aq#40,24.33557911,21.38825246,24.33557911
yongledian_aq#41,33.23047391,28.98033402,33.23047391
yongledian_aq#42,44.69384941,41.18383108,44.69384941
yongledian_aq#43,62.70675823,53.32005168,62.70675823
yongledian_aq#44,53.81167103,75.92528202,53.81167103
yongledian_aq#45,46.10551787,87.42516587,46.10551787
yongledian_aq#46,43.76763948,84.39317655,43.76763948
yongledian_aq#47,50.61361611,72.8939864,50.61361611
yufa_aq#0,69.09465051,102.6755452,69.09465051
yufa_aq#1,63.37037902,116.3650358,63.37037902
yufa_aq#2,54.71617646,110.1874426,54.71617646
yufa_aq#3,49.76617738,113.2488792,49.76617738
yufa_aq#4,39.8480571,100.335122,39.8480571
yufa_aq#5,47.6404169,104.0100533,47.6404169
yufa_aq#6,54.51140136,108.4625515,54.51140136
yufa_aq#7,67.9468485,123.8019468,67.9468485
yufa_aq#8,39.60326559,47.50058569,39.60326559
yufa_aq#9,62.60471544,123.7550383,62.60471544
yufa_aq#10,56.48185753,123.7265787,56.48185753
yufa_aq#11,66.79962495,134.9374292,66.79962495
yufa_aq#12,92.36436207,139.9324942,92.36436207
yufa_aq#13,41.26122916,41.75521435,41.26122916
yufa_aq#14,44.18182934,45.332643,44.18182934
yufa_aq#15,62.47403607,49.87874155,62.47403607
yufa_aq#16,52.62454451,82.81871673,52.62454451
yufa_aq#17,40.33508926,71.68677067,40.33508926
yufa_aq#18,33.04439807,64.80856933,33.04439807
yufa_aq#19,36.87922656,53.62116911,36.87922656
yufa_aq#20,36.80148386,35.06203974,36.80148386
yufa_aq#21,20.19457014,7.227541903,20.19457014
yufa_aq#22,55.78034576,88.08047298,55.78034576
yufa_aq#23,60.91765879,116.0494833,60.91765879
yufa_aq#24,23.55453991,71.26136589,23.55453991
yufa_aq#25,18.09029991,56.45902536,18.09029991
yufa_aq#26,18.663158,57.73268607,18.663158
yufa_aq#27,27.19838722,72.08140273,27.19838722
yufa_aq#28,27.20637337,73.23538366,27.20637337
yufa_aq#29,26.88046463,87.15779568,26.88046463
yufa_aq#30,49.60891806,104.4706135,49.60891806
yufa_aq#31,61.82825191,87.69189179,61.82825191
yufa_aq#32,21.52965826,33.40516031,21.52965826
yufa_aq#33,13.32140737,33.21120436,13.32140737
yufa_aq#34,16.61298456,40.23329197,16.61298456
yufa_aq#35,10.55697719,35.40339491,10.55697719
yufa_aq#36,10.67018454,35.88723649,10.67018454
yufa_aq#37,21.20763463,32.08796153,21.20763463
yufa_aq#38,33.50165751,26.1074363,33.50165751
yufa_aq#39,56.03066214,36.06477969,56.03066214
yufa_aq#40,33.53891942,24.71826261,33.53891942
yufa_aq#41,39.6720898,24.05427764,39.6720898
yufa_aq#42,41.41830675,38.43409728,41.41830675
yufa_aq#43,41.86812317,32.20624985,41.86812317
yufa_aq#44,38.04483179,34.42291079,38.04483179
yufa_aq#45,52.22366007,45.32969908,52.22366007
yufa_aq#46,50.44570877,50.98711655,50.44570877
yufa_aq#47,43.81843883,49.35391278,43.81843883
liulihe_aq#0,67.46021931,70.91700561,67.46021931
liulihe_aq#1,77.93808394,70.65293794,77.93808394
liulihe_aq#2,74.87145997,66.08446505,74.87145997
liulihe_aq#3,74.32709586,59.6331099,74.32709586
liulihe_aq#4,68.85357354,54.53763179,68.85357354
liulihe_aq#5,52.62599187,47.45182064,52.62599187
liulihe_aq#6,125.6669634,136.8318591,125.6669634
liulihe_aq#7,112.8191286,121.4314964,112.8191286
liulihe_aq#8,99.35815181,128.8776476,99.35815181
liulihe_aq#9,99.87111966,142.4706003,99.87111966
liulihe_aq#10,99.78738833,159.9206601,99.78738833
liulihe_aq#11,37.18194141,66.58840131,37.18194141
liulihe_aq#12,48.07915857,82.94703814,48.07915857
liulihe_aq#13,52.27218706,86.89080298,52.27218706
liulihe_aq#14,54.14285985,90.14859236,54.14285985
liulihe_aq#15,64.48117516,107.9909538,64.48117516
liulihe_aq#16,75.18092602,98.87226134,75.18092602
liulihe_aq#17,79.83116136,92.1387596,79.83116136
liulihe_aq#18,69.53386457,78.54206917,69.53386457
liulihe_aq#19,72.85612002,83.64627899,72.85612002
liulihe_aq#20,57.98015855,80.82832214,57.98015855
liulihe_aq#21,29.10141067,55.12051472,29.10141067
liulihe_aq#22,45.95225559,68.91498222,45.95225559
liulihe_aq#23,50.92658861,62.29633402,50.92658861
liulihe_aq#24,53.0565439,61.20802734,53.0565439
liulihe_aq#25,56.94579263,60.71458104,56.94579263
liulihe_aq#26,47.15336994,47.93085426,47.15336994
liulihe_aq#27,43.90877839,43.30482727,43.90877839
liulihe_aq#28,43.44678264,46.42281331,43.44678264
liulihe_aq#29,38.09744541,46.83611258,38.09744541
liulihe_aq#30,59.02616746,58.72120126,59.02616746
liulihe_aq#31,65.041929,56.16448329,65.041929
liulihe_aq#32,37.22926156,40.00744742,37.22926156
liulihe_aq#33,32.84716976,31.48077314,32.84716976
liulihe_aq#34,32.2002323,28.40397084,32.2002323
liulihe_aq#35,25.2974174,23.87179944,25.2974174
liulihe_aq#36,31.90576158,33.51217328,31.90576158
liulihe_aq#37,40.68831279,49.74822158,40.68831279
liulihe_aq#38,37.07492034,76.11285732,37.07492034
liulihe_aq#39,42.11212508,55.16913384,42.11212508
liulihe_aq#40,49.29926917,54.64808737,49.29926917
liulihe_aq#41,56.83011655,48.53931141,56.83011655
liulihe_aq#42,66.64733807,55.64207201,66.64733807
liulihe_aq#43,57.46456381,49.53477946,57.46456381
liulihe_aq#44,54.86588699,63.45182816,54.86588699
liulihe_aq#45,62.68011648,101.5387476,62.68011648
liulihe_aq#46,41.11983318,71.07350452,41.11983318
liulihe_aq#47,36.59133615,69.35805691,36.59133615
qianmen_aq#0,52.96019779,37.72277796,52.96019779
qianmen_aq#1,71.77521183,78.7851764,71.77521183
qianmen_aq#2,74.46470801,87.60595518,74.46470801
qianmen_aq#3,73.89798349,101.5246023,73.89798349
qianmen_aq#4,65.8427009,99.35527665,65.8427009
qianmen_aq#5,66.95626122,86.67178919,66.95626122
qianmen_aq#6,58.35314811,66.66360655,58.35314811
qianmen_aq#7,64.2173943,43.13798517,64.2173943
qianmen_aq#8,58.356986,41.91494436,58.356986
qianmen_aq#9,91.72437454,108.0080543,91.72437454
qianmen_aq#10,95.39689974,117.1694654,95.39689974
qianmen_aq#11,58.57086636,47.36820908,58.57086636
qianmen_aq#12,70.66975232,63.81067946,70.66975232
qianmen_aq#13,71.19319426,61.85999532,71.19319426
qianmen_aq#14,72.49344896,63.80851029,72.49344896
qianmen_aq#15,80.45007255,62.59895978,80.45007255
qianmen_aq#16,65.89280603,64.64360751,65.89280603
qianmen_aq#17,60.4504312,56.64324438,60.4504312
qianmen_aq#18,56.8147075,52.99504273,56.8147075
qianmen_aq#19,51.63018243,58.50596096,51.63018243
qianmen_aq#20,56.77989267,52.89499204,56.77989267
qianmen_aq#21,44.56307175,53.70843298,44.56307175
qianmen_aq#22,31.49630573,56.14067881,31.49630573
qianmen_aq#23,39.91038517,54.69077583,39.91038517
qianmen_aq#24,38.47578678,58.00916701,38.47578678
qianmen_aq#25,44.7720002,65.27041511,44.7720002
qianmen_aq#26,55.19519547,70.31216642,55.19519547
qianmen_aq#27,60.26424476,76.98274274,60.26424476
qianmen_aq#28,61.62613275,83.29875136,61.62613275
qianmen_aq#29,61.87519834,82.51695984,61.87519834
qianmen_aq#30,64.49198583,78.35872887,64.49198583
qianmen_aq#31,42.09203731,20.11409758,42.09203731
qianmen_aq#32,38.75532156,19.95965824,38.75532156
qianmen_aq#33,27.60665754,34.79450285,27.60665754
qianmen_aq#34,32.41943664,41.10062482,32.41943664
qianmen_aq#35,33.62969662,40.87858872,33.62969662
qianmen_aq#36,28.77737828,35.6469581,28.77737828
qianmen_aq#37,33.09640892,37.21580143,33.09640892
qianmen_aq#38,46.42168024,57.35776988,46.42168024
qianmen_aq#39,45.29073978,52.7074639,45.29073978
qianmen_aq#40,36.77458922,45.5558608,36.77458922
qianmen_aq#41,58.03870111,47.04877679,58.03870111
qianmen_aq#42,57.88682468,49.47285239,57.88682468
qianmen_aq#43,49.46648414,43.00820825,49.46648414
qianmen_aq#44,53.29761677,43.86158625,53.29761677
qianmen_aq#45,48.16125551,43.08015904,48.16125551
qianmen_aq#46,37.68936152,38.74484174,37.68936152
qianmen_aq#47,41.96866376,39.35927251,41.96866376
yongdingmennei_aq#0,54.25697212,38.8610109,54.25697212
yongdingmennei_aq#1,75.6863613,84.74021146,75.6863613
yongdingmennei_aq#2,95.58151693,133.3882243,95.58151693
yongdingmennei_aq#3,74.08227408,101.5246023,74.08227408
yongdingmennei_aq#4,97.52420467,133.8259133,97.52420467
yongdingmennei_aq#5,70.62871068,89.56198361,70.62871068
yongdingmennei_aq#6,59.88576284,67.54279208,59.88576284
yongdingmennei_aq#7,92.61979741,109.194951,92.61979741
yongdingmennei_aq#8,94.42503039,109.2381926,94.42503039
yongdingmennei_aq#9,92.20832795,109.6808522,92.20832795
yongdingmennei_aq#10,77.49134623,117.1025844,77.49134623
yongdingmennei_aq#11,63.76514212,68.32963091,63.76514212
yongdingmennei_aq#12,109.8548727,141.2375395,109.8548727
yongdingmennei_aq#13,75.7350145,65.79566644,75.7350145
yongdingmennei_aq#14,71.72086274,63.53700735,71.72086274
yongdingmennei_aq#15,79.20833476,61.53303615,79.20833476
yongdingmennei_aq#16,65.89280603,64.80119121,65.89280603
yongdingmennei_aq#17,69.7318728,71.70008287,69.7318728
yongdingmennei_aq#18,55.93346243,54.38032534,55.93346243
yongdingmennei_aq#19,51.15367003,58.67877779,51.15367003
yongdingmennei_aq#20,49.8257314,61.35361851,49.8257314
yongdingmennei_aq#21,40.09440443,51.41865491,40.09440443
yongdingmennei_aq#22,32.14627449,55.3649161,32.14627449
yongdingmennei_aq#23,97.66334545,93.78899875,97.66334545
yongdingmennei_aq#24,102.0306907,103.838721,102.0306907
yongdingmennei_aq#25,44.026273,65.02481963,44.026273
yongdingmennei_aq#26,49.57901918,66.03133392,49.57901918
yongdingmennei_aq#27,60.66622595,76.97853239,60.66622595
yongdingmennei_aq#28,61.27185641,82.94447502,61.27185641
yongdingmennei_aq#29,62.30855861,82.50538943,62.30855861
yongdingmennei_aq#30,67.19246819,82.53624016,67.19246819
yongdingmennei_aq#31,41.56902771,19.94801654,41.56902771
yongdingmennei_aq#32,38.34776073,18.39888671,38.34776073
yongdingmennei_aq#33,30.04643829,34.56088296,30.04643829
yongdingmennei_aq#34,31.74829777,39.16721884,31.74829777
yongdingmennei_aq#35,30.74530149,39.93774301,30.74530149
yongdingmennei_aq#36,30.01737485,36.59064876,30.01737485
yongdingmennei_aq#37,38.17892817,47.38813904,38.17892817
yongdingmennei_aq#38,42.89659638,52.39038328,42.89659638
yongdingmennei_aq#39,50.96325599,56.05162159,50.96325599
yongdingmennei_aq#40,38.15694371,43.98211778,38.15694371
yongdingmennei_aq#41,55.95161422,41.99604983,55.95161422
yongdingmennei_aq#42,60.78178139,52.54542107,60.78178139
yongdingmennei_aq#43,55.07031963,47.29747413,55.07031963
yongdingmennei_aq#44,50.8510614,41.65550472,50.8510614
yongdingmennei_aq#45,47.63234927,41.86887305,47.63234927
yongdingmennei_aq#46,38.06615477,39.03081685,38.06615477
yongdingmennei_aq#47,42.06946683,39.40105619,42.06946683
xizhimenbei_aq#0,54.54880743,73.52831267,54.54880743
xizhimenbei_aq#1,66.77072908,93.23021409,66.77072908
xizhimenbei_aq#2,74.70113661,109.3968144,74.70113661
xizhimenbei_aq#3,82.05770021,125.9947545,82.05770021
xizhimenbei_aq#4,65.95451949,121.9595342,65.95451949
xizhimenbei_aq#5,68.45492425,107.5849005,68.45492425
xizhimenbei_aq#6,61.38716737,86.69345883,61.38716737
xizhimenbei_aq#7,93.78163911,101.2259912,93.78163911
xizhimenbei_aq#8,60.71608581,27.9648867,60.71608581
xizhimenbei_aq#9,63.96677,46.9431448,63.96677
xizhimenbei_aq#10,63.25476507,50.91379059,63.25476507
xizhimenbei_aq#11,62.29548604,53.19725587,62.29548604
xizhimenbei_aq#12,69.76436806,73.56879332,69.76436806
xizhimenbei_aq#13,78.91307035,77.52736305,78.91307035
xizhimenbei_aq#14,82.56978255,80.737809,82.56978255
xizhimenbei_aq#15,80.98138512,68.98961009,80.98138512
xizhimenbei_aq#16,78.52159611,74.87510091,78.52159611
xizhimenbei_aq#17,66.10547735,59.64878535,66.10547735
xizhimenbei_aq#18,60.95140759,59.8152197,60.95140759
xizhimenbei_aq#19,56.56130903,56.27657396,56.56130903
xizhimenbei_aq#20,61.31402644,58.42973625,61.31402644
xizhimenbei_aq#21,50.26420863,58.3976522,50.26420863
xizhimenbei_aq#22,53.24856943,76.19039924,53.24856943
xizhimenbei_aq#23,46.50244265,73.18718839,46.50244265
xizhimenbei_aq#24,37.95420418,75.35303476,37.95420418
xizhimenbei_aq#25,45.23758986,71.88503859,45.23758986
xizhimenbei_aq#26,54.7126054,79.09245119,54.7126054
xizhimenbei_aq#27,61.47865593,90.93697224,61.47865593
xizhimenbei_aq#28,51.36346497,89.21500606,51.36346497
xizhimenbei_aq#29,75.55985961,112.8299743,75.55985961
xizhimenbei_aq#30,71.179099,97.51025914,71.179099
xizhimenbei_aq#31,48.13656833,42.26881258,48.13656833
xizhimenbei_aq#32,41.09018099,26.5885751,41.09018099
xizhimenbei_aq#33,31.65339746,39.60179844,31.65339746
xizhimenbei_aq#34,32.83813353,39.8380803,32.83813353
xizhimenbei_aq#35,33.09770269,39.83057886,33.09770269
xizhimenbei_aq#36,42.77817433,50.61648025,42.77817433
xizhimenbei_aq#37,45.70724551,52.42341773,45.70724551
xizhimenbei_aq#38,56.46081867,66.98476128,56.46081867
xizhimenbei_aq#39,59.54014186,66.53899385,59.54014186
xizhimenbei_aq#40,53.20405774,52.03277369,53.20405774
xizhimenbei_aq#41,56.41106745,57.0045998,56.41106745
xizhimenbei_aq#42,48.81909314,47.16422169,48.81909314
xizhimenbei_aq#43,52.25448338,44.88341109,52.25448338
xizhimenbei_aq#44,54.00051609,39.30939841,54.00051609
xizhimenbei_aq#45,47.6001634,32.68156819,47.6001634
xizhimenbei_aq#46,36.43545757,42.78811596,36.43545757
xizhimenbei_aq#47,42.8221595,42.20290931,42.8221595
nansanhuan_aq#0,55.11601229,83.46441442,55.11601229
nansanhuan_aq#1,70.57730329,115.0773661,70.57730329
nansanhuan_aq#2,97.47568624,158.7245134,97.47568624
nansanhuan_aq#3,75.16650787,129.5940493,75.16650787
nansanhuan_aq#4,100.0863571,152.8108848,100.0863571
nansanhuan_aq#5,67.73654442,114.4151524,67.73654442
nansanhuan_aq#6,66.17411357,73.43210467,66.17411357
nansanhuan_aq#7,91.61049864,115.6541127,91.61049864
nansanhuan_aq#8,89.23208964,122.8240887,89.23208964
nansanhuan_aq#9,94.63476608,124.7394744,94.63476608
nansanhuan_aq#10,78.08193298,129.8769635,78.08193298
nansanhuan_aq#11,59.29370134,55.14342478,59.29370134
nansanhuan_aq#12,105.6955707,133.8251716,105.6955707
nansanhuan_aq#13,64.37769223,63.88870526,64.37769223
nansanhuan_aq#14,68.07202057,73.69801406,68.07202057
nansanhuan_aq#15,70.2030264,72.63509328,70.2030264
nansanhuan_aq#16,63.50915562,96.07243307,63.50915562
nansanhuan_aq#17,67.12135045,105.1252971,67.12135045
nansanhuan_aq#18,53.85474412,79.02634593,53.85474412
nansanhuan_aq#19,53.07619166,78.03626461,53.07619166
nansanhuan_aq#20,48.7532747,74.43367861,48.7532747
nansanhuan_aq#21,39.36266374,69.70020258,39.36266374
nansanhuan_aq#22,30.41194287,96.15238338,30.41194287
nansanhuan_aq#23,111.0499937,125.9453974,111.0499937
nansanhuan_aq#24,102.5066146,115.9422652,102.5066146
nansanhuan_aq#25,33.38976115,82.25880118,33.38976115
nansanhuan_aq#26,60.08108517,95.04891429,60.08108517
nansanhuan_aq#27,52.52923607,103.8012509,52.52923607
nansanhuan_aq#28,62.3265904,89.89312172,62.3265904
nansanhuan_aq#29,63.04949581,89.51028885,63.04949581
nansanhuan_aq#30,61.97471301,88.51631779,61.97471301
nansanhuan_aq#31,48.46180305,47.75000008,48.46180305
nansanhuan_aq#32,36.81658097,40.28609118,36.81658097
nansanhuan_aq#33,23.26218447,38.5894021,23.26218447
nansanhuan_aq#34,22.95711527,41.85320942,22.95711527
nansanhuan_aq#35,21.59631506,36.01196154,21.59631506
nansanhuan_aq#36,24.31182531,32.86474738,24.31182531
nansanhuan_aq#37,32.51450994,49.04340785,32.51450994
nansanhuan_aq#38,44.97238681,60.34680116,44.97238681
nansanhuan_aq#39,42.12277457,71.89018751,42.12277457
nansanhuan_aq#40,34.21186848,46.08229649,34.21186848
nansanhuan_aq#41,55.09470477,51.74598182,55.09470477
nansanhuan_aq#42,62.80612046,67.87914063,62.80612046
nansanhuan_aq#43,46.01297112,56.68330437,46.01297112
nansanhuan_aq#44,43.71069664,62.2528034,43.71069664
nansanhuan_aq#45,35.67704624,62.03036516,35.67704624
nansanhuan_aq#46,43.57452668,48.28397111,43.57452668
nansanhuan_aq#47,42.77949843,45.29619714,42.77949843
dongsihuan_aq#0,34.96264105,78.35157928,34.96264105
dongsihuan_aq#1,55.55373696,127.9437347,55.55373696
dongsihuan_aq#2,73.93999017,120.961403,73.93999017
dongsihuan_aq#3,77.68821258,137.995689,77.68821258
dongsihuan_aq#4,64.55770335,117.0570385,64.55770335
dongsihuan_aq#5,77.84682016,114.1345621,77.84682016
dongsihuan_aq#6,57.45581276,109.0158342,57.45581276
dongsihuan_aq#7,60.92624512,78.33917133,60.92624512
dongsihuan_aq#8,58.98609146,42.96152304,58.98609146
dongsihuan_aq#9,92.87670012,119.0460115,92.87670012
dongsihuan_aq#10,94.90283991,121.3216618,94.90283991
dongsihuan_aq#11,59.6672874,47.28509477,59.6672874
dongsihuan_aq#12,70.61260161,46.30053851,70.61260161
dongsihuan_aq#13,72.885172,45.87672219,72.885172
dongsihuan_aq#14,74.13396477,47.36726827,74.13396477
dongsihuan_aq#15,81.25470526,53.45195506,81.25470526
dongsihuan_aq#16,63.87985344,84.02100342,63.87985344
dongsihuan_aq#17,56.43097737,83.20371617,56.43097737
dongsihuan_aq#18,49.48521316,60.96363661,49.48521316
dongsihuan_aq#19,51.75547935,66.27798989,51.75547935
dongsihuan_aq#20,59.69429194,66.11073476,59.69429194
dongsihuan_aq#21,45.72659396,71.10296736,45.72659396
dongsihuan_aq#22,45.24558194,95.20745961,45.24558194
dongsihuan_aq#23,38.22448326,80.95021293,38.22448326
dongsihuan_aq#24,42.68495591,88.28264394,42.68495591
dongsihuan_aq#25,42.19054174,90.41606225,42.19054174
dongsihuan_aq#26,54.08730583,94.75482199,54.08730583
dongsihuan_aq#27,59.13287169,104.531607,59.13287169
dongsihuan_aq#28,57.61981385,107.167897,57.61981385
dongsihuan_aq#29,56.70809775,106.6351929,56.70809775
dongsihuan_aq#30,61.64186732,106.5011239,61.64186732
dongsihuan_aq#31,34.38135182,58.43672157,34.38135182
dongsihuan_aq#32,29.02046175,44.89469966,29.02046175
dongsihuan_aq#33,25.91154321,42.02775247,25.91154321
dongsihuan_aq#34,34.71091385,48.89753302,34.71091385
dongsihuan_aq#35,35.11939336,38.0541687,35.11939336
dongsihuan_aq#36,29.09328402,27.86809805,29.09328402
dongsihuan_aq#37,30.95489059,35.81746814,30.95489059
dongsihuan_aq#38,51.11748568,30.97431983,51.11748568
dongsihuan_aq#39,57.65064419,44.86199833,57.65064419
dongsihuan_aq#40,46.91320751,21.6033571,46.91320751
dongsihuan_aq#41,58.18300925,19.36707105,58.18300925
dongsihuan_aq#42,55.92753606,36.25703409,55.92753606
dongsihuan_aq#43,48.69093006,34.12689015,48.69093006
dongsihuan_aq#44,50.44516215,43.57959299,50.44516215
dongsihuan_aq#45,44.37467599,44.13018504,44.37467599
dongsihuan_aq#46,31.02771248,48.41940248,31.02771248
dongsihuan_aq#47,34.50617963,44.35617954,34.50617963